ACGCCTGACACGCGCT-1,0,0,0,16749,2050
TACCGATCCAACACTT-1,0,1,1,16635,2245
ATTAAAGCGGACGAGC-1,0,0,2,16523,2048
GATAAGGGACGATTAG-1,0,1,3,16409,2243
GTGCAAATCACCAATA-1,0,0,4,16297,2046
TGTTGGCTGGCGGAAG-1,0,1,5,16182,2242
GCATCCTCTCCTATTA-1,0,0,6,16071,2044
GCGAGGGACTGCTAGA-1,0,1,7,15956,2240
TGGTACCGGCACAGCC-1,0,0,8,15845,2042
GCGCGTTTAAATCGTA-1,0,1,9,15730,2238
TGCCTTGCCCTTACGG-1,0,0,10,15619,2040
GACGACTTTCCAAGAA-1,0,1,11,15504,2236
CCAGTGAGCTCCTTGT-1,0,0,12,15393,2038
ATACCCTGGCTCAAAT-1,0,1,13,15278,2234
GGGTTTCCGGCTTCCA-1,0,0,14,15166,2036
TAACCGTCCAGTTCAT-1,0,1,15,15052,2232
AAACAACGAATAGTTC-1,0,0,16,14940,2034
CAAGGGAGTGTATTTG-1,0,1,17,14825,2230
CCAAGCTTGATCTCCT-1,0,0,18,14714,2032
TTATTTCATCCCAAAC-1,0,1,19,14599,2228
GAGCGCTATGTCAGGC-1,0,0,20,14488,2030
TATGGCAGACTTTCGA-1,0,1,21,14373,2226
CTTCGTGCCCGCATCG-1,0,0,22,14262,2028
AAACGGGTTGGTATCC-1,0,1,23,14147,2224
TGCAAACCCACATCAA-1,0,0,24,14036,2026
GACGGGATGTCTTATG-1,0,1,25,13921,2222
GGCGAGCATCGAGGAC-1,0,0,26,13809,2024
CGCGTGCTATCAACGA-1,0,1,27,13695,2220
TGAAACCTCAACTCAC-1,0,0,28,13583,2022
CACATAAGGCGACCGT-1,0,1,29,13468,2218
TGACCCAACTCACATT-1,0,0,30,13357,2020
ATACGCCGATCTACCG-1,0,1,31,13242,2216
ACTTATCTGATCTATA-1,0,0,32,13131,2018
GTGTGAGCCGAGGTGC-1,0,1,33,13016,2214
GATGATTTGAAACTGG-1,0,0,34,12905,2016
GGGAACCACCTGTTTC-1,0,1,35,12790,2212
GTTCGTTGCGGACCAG-1,0,0,36,12679,2014
TGAGGTTGATCCCAAG-1,0,1,37,12564,2210
GATGCCACACTACAGC-1,0,0,38,12453,2012
AGGCAAAGAGGAATCA-1,0,1,39,12338,2208
AAGTAAGCTTCCAAAC-1,0,0,40,12226,2010
AACGTAGTCTACCCAT-1,0,1,41,12112,2206
GTTTGAGCGGTTATGT-1,0,0,42,12000,2008
GAAGCAAGGCAATGTT-1,0,1,43,11885,2204
TCACTCAGCGCATTAG-1,0,0,44,11774,2006
TACAATGAAACCAGCA-1,0,1,45,11659,2202
GTGCGCTTACAAATGA-1,0,0,46,11548,2004
GCACTCCCACAGTCCC-1,0,1,47,11433,2200
CGAAGACTGCCCGGGA-1,0,0,48,11322,2002
CAGGATCCGCCCGACC-1,0,1,49,11207,2198
CACGATTGGTCGTTAA-1,0,0,50,11096,2000
GGTTGTATCGTGAAAT-1,0,1,51,10981,2196
TCTTATGGGTAGTACC-1,0,0,52,10869,1998
TACAAGCTGTTCACTG-1,0,1,53,10755,2194
GTATCTTGTTGCTCAC-1,0,0,54,10643,1996
ATACCAGGTGAGCGAT-1,0,1,55,10528,2192
CCTAAACAGGGTCCGT-1,0,0,56,10417,1994
ATGGTGCTCAAAGCCA-1,0,1,57,10302,2190
CAAATGCGGAGTGTTC-1,0,0,58,10191,1992
CGTGCCCGACATTTGT-1,0,1,59,10076,2188
GTATCTCCCTAACTGT-1,0,0,60,9965,1991
ATTTGCCTAGTTACGA-1,0,1,61,9850,2186
ACGTCCTAAACGAGAT-1,0,0,62,9739,1989
CTGGGATCGCCCAGAT-1,0,1,63,9624,2184
CTGCAAATGGGCTCCA-1,0,0,64,9512,1987
CATTATAACAGGGTCC-1,0,1,65,9398,2182
ACCTTTCCTTTAGAAG-1,0,0,66,9286,1985
ATAGATTTGCAGTCGG-1,0,1,67,9172,2180
CTCGGGCATCGTCGGG-1,0,0,68,9060,1983
GTGGCGGGCCGTAGCT-1,0,1,69,8945,2178
CAACAGTGCCAAACGG-1,0,0,70,8834,1981
TGCGGGTATTGGGATC-1,0,1,71,8719,2176
GTCTCGCCAACACGCC-1,0,0,72,8608,1979
CTGGGCGGCCAAATGT-1,0,1,73,8493,2174
TAAAGGAGAAACTAGT-1,0,0,74,8382,1977
TCCCACGGAGGGAGCT-1,0,1,75,8267,2172
AGCTTCAATACTTTGA-1,0,0,76,8156,1975
TTCCACATTTCTCGTC-1,0,1,77,8041,2171
ACAAACCGACAAGGCG-1,0,0,78,7929,1973
AGACGGGATTGGTATA-1,0,1,79,7815,2169
AACCTAAAGCCGTCCG-1,0,0,80,7703,1971
TACAAATTGCGGAGGT-1,0,1,81,7588,2167
CCCGCTAGAGGGTTAA-1,0,0,82,7477,1969
CATTGCAAAGCATAAT-1,0,1,83,7362,2165
TGTACGCTATCAGCTT-1,0,0,84,7251,1967
TTCTTCGCAATAGAGC-1,0,1,85,7136,2163
TGTGATTCCAGCGCTT-1,0,0,86,7025,1965
ATTCAGGATCGCCTCT-1,0,1,87,6910,2161
GCCCATGGGTGCAATG-1,0,0,88,6799,1963
TTCCCGACGCTTCACT-1,0,1,89,6684,2159
AGCGGTTGAGATGTAC-1,0,0,90,6572,1961
GCTGTCTGTGATCGAC-1,0,1,91,6458,2157
AAAGACATGAAGTTTA-1,0,0,92,6346,1959
CAACAGAATAACGCTA-1,0,1,93,6232,2155
TGCGGTCTACGAGTAA-1,0,0,94,6120,1957
AAGACTCACGCCCACT-1,0,1,95,6005,2153
CTTTGAAACATATTCC-1,0,0,96,5894,1955
CTGGGCACTAGTCGGA-1,0,1,97,5779,2151
CGCCCTTACATCCACC-1,0,0,98,5668,1953
CACGACCACAGACTTT-1,0,1,99,5553,2149
CAATCCATTATCCGTT-1,0,0,100,5442,1951
GTGGCGTGCACCAGAG-1,0,1,101,5327,2147
CGGAGTCCTAACCTGG-1,0,0,102,5216,1949
GGTCCCATAACATAGA-1,0,1,103,5101,2145
ATCTCATAAACCTACC-1,0,0,104,4989,1947
TGCATGGCAGTCTTGC-1,0,1,105,4875,2143
TTGCAGGTCATGAAGT-1,0,0,106,4763,1945
AGCTGCATTTGAGGTG-1,0,1,107,4648,2141
TAATCAGGAATGCTGC-1,0,0,108,4537,1943
CCATCATAAGAACAGG-1,0,1,109,4422,2139
TCGTATCACCAAGCTA-1,0,0,110,4311,1941
ATTCAGATGAATCCCT-1,0,1,111,4196,2137
AAAGGTCAACGACATG-1,0,0,112,4085,1939
AGCTGCTGTGCCGAAT-1,0,1,113,3970,2135
CTAGCGCCAATCCTAC-1,0,0,114,3859,1937
GCTCGACCGAACTGAA-1,0,1,115,3744,2133
ACAGTGCAGCGCATTT-1,0,0,116,3632,1935
CGGCTGAAGGTTACGC-1,0,1,117,3518,2131
CACCTCTACGAGTGTG-1,0,0,118,3406,1933
ATACGACAGATGGGTA-1,0,1,119,3292,2129
ACTTCCTGTCGTGCGA-1,0,0,120,3180,1931
CGTAACGGAACGATCA-1,0,1,121,3065,2127
AAATCACTCCTAAACG-1,0,0,122,2954,1929
CTCCGAGTAAATCCGC-1,0,1,123,2839,2125
ACGCTAGTATCAGTGC-1,0,0,124,2728,1927
AGAGTGAACAGACACC-1,0,1,125,2613,2123
ACACCCGTAAATCTGT-1,0,0,126,2502,1925
GCTTTGCTGCCGGGTA-1,0,1,127,2387,2121
ACAGGAGGCGCAGCCG-1,0,2,0,16746,2443
AGGCAATACGGAGGAC-1,0,3,1,16631,2639
TGGTGTGACAGACGAT-1,0,2,2,16520,2441
ATCTATCGATGATCAA-1,0,3,3,16405,2637
CGGTAACAAGATACAT-1,0,2,4,16294,2439
TCGCCGGAGAGTCTTA-1,0,3,5,16179,2635
GGAGGAGTGTGTTTAT-1,0,2,6,16068,2437
TTAGGTGTGACTGGTC-1,0,3,7,15953,2633
CAGGGCTAACGAAACC-1,0,2,8,15841,2435
CCCGTGGGTTAATTGA-1,0,3,9,15727,2631
GACCGACCGCTAATAT-1,0,2,10,15615,2433
GGTATCAAGCATAGAA-1,0,3,11,15500,2629
TGCATGAGTAGATTCG-1,0,2,12,15389,2431
AATTCCAACTTGGTGA-1,0,3,13,15274,2627
TGCCGATGTCATCAAT-1,0,2,14,15163,2429
GCTGGGTCCGCTGTTA-1,0,3,15,15048,2625
TGAACACCCGAAGCAG-1,0,2,16,14937,2427
AACATTGGTCAGCCGT-1,0,3,17,14822,2623
GTGGGTCTTCTTTGCG-1,0,2,18,14711,2425
CATCGAATGGATCTCT-1,0,3,19,14596,2621
GCTACACTGTCCGAAC-1,0,2,20,14484,2423
CGGGTTGTAGCTTTGG-1,0,3,21,14370,2619
CCTAAGTGTCTAACCG-1,0,2,22,14258,2422
TCTGTGACTGACCGTT-1,0,3,23,14144,2617
TTATCATACTCGCAAA-1,0,2,24,14032,2420
AGCGTAGCGCTAGACC-1,0,3,25,13917,2615
TCCCTCCGAAATCGTT-1,0,2,26,13806,2418
AGGTCGCCACTTCGGT-1,0,3,27,13691,2613
CTAGCAACTAATTTAC-1,0,2,28,13580,2416
TTGCTAGCTACCAATC-1,0,3,29,13465,2611
GCCGGTTTGGGCGGAT-1,0,2,30,13354,2414
TGTAACTTGTCAACCT-1,0,3,31,13239,2609
CGAGATGTTGCCTATA-1,0,2,32,13128,2412
GTTACGAAATCCACGC-1,0,3,33,13013,2607
CTTGTCGTACGTGTCA-1,0,2,34,12901,2410
GCGTCCAGCTCGTGGC-1,0,3,35,12787,2605
CCCTTCTCGTACGCGA-1,0,2,36,12675,2408
CCAAAGTCCCGCTAAC-1,0,3,37,12560,2603
CCGCTTCGCGGTTAAC-1,0,2,38,12449,2406
GTTACGGCCCGACTGC-1,0,3,39,12334,2601
CCCGCTTGCCCTCGTC-1,0,2,40,12223,2404
TAGTGAGAAGTGGTTG-1,0,3,41,12108,2600
CGCTACCGCCCTATGA-1,0,2,42,11997,2402
AAACAATCTACTAGCA-1,0,3,43,11882,2598
GCGCGATGGGTCAAGT-1,0,2,44,11771,2400
ATAAACCATTGGACGG-1,0,3,45,11656,2596
TCGGGCACTTCTGGAT-1,0,2,46,11544,2398
TCTGTGGCTACATTTC-1,0,3,47,11430,2594
CTCTGTGCCTGCTATG-1,0,2,48,11318,2396
CACGACTAAAGTTCTG-1,0,3,49,11204,2592
GAGGAGTAATTCCTAC-1,0,2,50,11092,2394
AGAGGTATCTCGGTCC-1,0,3,51,10977,2590
GGCGTACCCTATATAA-1,0,2,52,10866,2392
GCCGGAAACACATCTT-1,0,3,53,10751,2588
AAATGTGGGTGCTCCT-1,0,2,54,10640,2390
ACCAGGAGTGTGATCT-1,0,3,55,10525,2586
TGTGGAGGAAGCTTAA-1,0,2,56,10414,2388
AAGGAGAACTTATAAG-1,0,3,57,10299,2584
CCCTCGGGAGCCTTGT-1,0,2,58,10188,2386
ACTGTTTAGTGTAGGC-1,0,3,59,10073,2582
CGTCAGTTTATCGTCT-1,0,2,60,9961,2384
GCGTGTATGTCGTATT-1,0,3,61,9847,2580
ACAATCGATCTTTATA-1,0,2,62,9735,2382
CAGCCCTCACAGGCAG-1,0,3,63,9620,2578
CGCGTCATATTAAACC-1,0,2,64,9509,2380
GAAGACTTCAATGCCG-1,0,3,65,9394,2576
TTGCGGCGACTCATGC-1,0,2,66,9283,2378
ACCAAACTAGAAATCC-1,0,3,67,9168,2574
TTACTGTTTCTCTACG-1,0,2,68,9057,2376
GACCAGGTCATTCATA-1,0,3,69,8942,2572
TTCTTCCCTTTGATAT-1,0,2,70,8831,2374
ACGCCCAGCTGTCGAT-1,0,3,71,8716,2570
AGTAGCGTGAACGAAC-1,0,2,72,8604,2372
CCTCGACCCACTGCCT-1,0,3,73,8490,2568
AGTTATTGAAAGGTAA-1,0,2,74,8378,2370
TCAGTTACGGAATGAT-1,0,3,75,8264,2566
GAATCTATACTCGGAC-1,0,2,76,8152,2368
TCGGCTAACTTCCCTT-1,0,3,77,8037,2564
ACGTGGTCGAATGTGC-1,0,2,78,7926,2366
ATATCGTGCCAGACCC-1,0,3,79,7811,2562
GTAGCTAGTAAGCGCG-1,0,2,80,7700,2364
ACGCTTAGTGTCTCTC-1,0,3,81,7585,2560
TCCGGCCTGCATCGAT-1,0,2,82,7474,2362
TAGTGGAACTCATACA-1,0,3,83,7359,2558
ATCATCTGCCCAGTGT-1,0,2,84,7248,2360
GTTATTAAATACGACC-1,0,3,85,7133,2556
GCGCTAAGTATGCATG-1,0,2,86,7021,2358
CCTGACGCAACCTTTA-1,0,3,87,6907,2554
CCCAAGAATGCACGGT-1,0,2,88,6795,2356
AACTGGGTTCGAGCCG-1,0,3,89,6680,2552
GGTTCCACCCGCTTCT-1,0,2,90,6569,2354
CATGCACGTGTTACTG-1,0,3,91,6454,2550
AGCGTTCCGATTTAAA-1,0,2,92,6343,2352
CCTACGCGACCTTACA-1,0,3,93,6228,2548
CGAATTACATGGTGTT-1,0,2,94,6117,2350
GAGGTCTTAGTGGGTC-1,0,3,95,6002,2546
GCCGCTAGATACGCAG-1,0,2,96,5891,2349
GTCACCTGTCTATGTC-1,0,3,97,5776,2544
CCGATTGGTCAATGAA-1,0,2,98,5664,2347
CCTGTGCGGATTGTAA-1,0,3,99,5550,2542
TTACGTAGCGCGTGCT-1,0,2,100,5438,2345
GGAGGCGAAGAACCGC-1,0,3,101,5323,2540
GGGTCACGTGCTTATG-1,0,2,102,5212,2343
GCTCCGGACGTTGATA-1,0,3,103,5097,2538
ATGTTTGTAAGATCAT-1,0,2,104,4986,2341
TGACCCAGCATTCCCG-1,0,3,105,4871,2536
TGGTCGTTTGATAGAT-1,0,2,106,4760,2339
TGTAATGCCTTCGGAC-1,0,3,107,4645,2534
TGCTCACACAACAACC-1,0,2,108,4534,2337
TACGATCCAAGCCACT-1,0,3,109,4419,2532
TTGTAACTTCATAGCG-1,0,2,110,4308,2335
AGATTCAAGCGGGTCG-1,0,3,111,4193,2530
CTCAGCAGACTGCCGA-1,0,2,112,4081,2333
GTAACATCAGCTCATC-1,0,3,113,3967,2529
ATGGAACAGAATAAAC-1,0,2,114,3855,2331
GGGCCTATACAACCGG-1,0,3,115,3740,2527
TCAAACAATTAGGACA-1,0,2,116,3629,2329
AAACCACTACACAGAT-1,0,3,117,3514,2525
AAACGACAGTCTTGCC-1,0,2,118,3403,2327
TTGAGGGTCGAACGCG-1,0,3,119,3288,2523
TGTTGATCACTGTTTA-1,0,2,120,3177,2325
AGGGTGTGCTACACGC-1,0,3,121,3062,2521
GTAGTTAGACAATATA-1,0,2,122,2951,2323
AATGGCCGCCAATGCG-1,0,3,123,2836,2519
TCGGCGGTATTAGATT-1,0,2,124,2724,2321
GGGTCACTGAGTAGTG-1,0,3,125,2610,2517
GAATTATGCAACCTAC-1,0,2,126,2498,2319
GATCTTAGTGAACGTG-1,0,3,127,2383,2515
CTAATGCGCCCAACAA-1,0,4,0,16743,2837
GCCACCCATTCCACTT-1,0,5,1,16628,3032
TACTCACAACGTAGTA-1,0,4,2,16516,2835
GTTCGGTGTGGATTTA-1,0,5,3,16402,3031
TCTTTCGGCGGGACAC-1,0,4,4,16290,2833
GGAGACATTCACGGGC-1,0,5,5,16175,3029
GGGATTATCTCACAAC-1,0,4,6,16064,2831
TAGAACGCCAGTAACG-1,0,5,7,15949,3027
ACGAGTCGCCGGCGTT-1,0,4,8,15838,2829
TGATGGGACTAAGTCA-1,0,5,9,15723,3025
TGCGAGAAACGTTACG-1,0,4,10,15612,2827
TCGCCTCGACCTGTTG-1,0,5,11,15497,3023
AACTCGATAAACACGT-1,0,4,12,15386,2825
AGGAAAGCCTCTGATG-1,0,5,13,15271,3021
GAAGGACTAAATTGAA-1,0,4,14,15160,2823
GTATCGGGACGAGCTG-1,0,5,15,15045,3019
CCTGTGCATAGGAGAC-1,0,4,16,14933,2821
CATACGGGTGCATGAT-1,0,5,17,14819,3017
CCACTAAACTGAATCG-1,0,4,18,14707,2819
AAATTGCGGCGGTTCT-1,0,5,19,14592,3015
AGTCCAGCGGGTACGT-1,0,4,20,14481,2817
CATTCAGGTCAGTGCG-1,0,5,21,14366,3013
CTAAAGTCCGAAGCTA-1,0,4,22,14255,2815
AATCAGACTGCAGGAC-1,1,5,23,14140,3011
AGTATCCATAATAACG-1,1,4,24,14029,2813
CTGGCTGCTAACGTAA-1,1,5,25,13914,3009
GTTCCAAGACAGCGAC-1,1,4,26,13803,2811
AAGACTAACCCGTTGT-1,1,5,27,13688,3007
GATTAATCCTGGCTCA-1,0,4,28,13576,2809
CGCGCAAGGAACTACA-1,1,5,29,13462,3005
CAGTAGCGAGGTAGTA-1,0,4,30,13350,2807
ACGGCGGGTTGCCCTG-1,0,5,31,13235,3003
CTAGGCGGCAGAGAAT-1,0,4,32,13124,2805
GTGCGCAGCTTGCTCC-1,0,5,33,13009,3001
TCACTATCGTGCAATC-1,0,4,34,12898,2803
TATGATTCTGCTTGGT-1,0,5,35,12783,2999
TAAGATTTAGCGGGAG-1,0,4,36,12672,2801
TTACGGTGTCACCGAG-1,0,5,37,12557,2997
CTACACTAGCTTGTTC-1,0,4,38,12446,2799
TGAGCAGTCGTGAAGT-1,0,5,39,12331,2995
CGCTGAGGACGTCCAA-1,0,4,40,12219,2797
GTGTATGACTTTAAAG-1,0,5,41,12105,2993
CTAAACGGGTGTAATC-1,0,4,42,11993,2795
TGTACTGTGCCAAAGT-1,0,5,43,11879,2991
GGCCACAAGCGATGGC-1,0,4,44,11767,2793
GTCAATTGTACTGAAG-1,0,5,45,11652,2989
AGGGACAGCACGGCGG-1,0,4,46,11541,2791
AGCTTATAGAGACCTG-1,0,5,47,11426,2987
AACTAGCGTATCGCAC-1,0,4,48,11315,2789
AACTTTAGCTGCTGAG-1,0,5,49,11200,2985
CCCAAGACAGAGTATG-1,0,4,50,11089,2787
GGCATCAACGAGCACG-1,0,5,51,10974,2983
ATGCATTCCGTGATGG-1,0,4,52,10863,2785
TTATAGATGCACATTA-1,0,5,53,10748,2981
GAACCATCTGGGAGAC-1,0,4,54,10636,2783
TGCTATACAAACGGAC-1,0,5,55,10522,2979
ACTTGCCATATTGTAC-1,0,4,56,10410,2781
TATTCCGGCAGTCCTA-1,0,5,57,10295,2977
GACGGACCGCGTTCCT-1,0,4,58,10184,2780
ATGTGTAGTTTAGTCA-1,0,5,59,10069,2975
ATACCAGCAAATTGCT-1,0,4,60,9958,2778
AAGTTTACTAATGGCA-1,0,5,61,9843,2973
CTCTCGATGTGCGCCT-1,0,4,62,9732,2776
GATTGACACTCTGCTC-1,0,5,63,9617,2971
TATCACAGCACGGGCA-1,0,4,64,9506,2774
ACCGTTCCCGCTCTGA-1,0,5,65,9391,2969
CCGCCACCACAATCCA-1,0,4,66,9279,2772
CATTCACTGACAGCTA-1,0,5,67,9165,2967
CGGCTGCAAGATTAAG-1,0,4,68,9053,2770
CATGAACCTCTTATCA-1,0,5,69,8939,2965
TTAATGCGAGGTAACT-1,0,4,70,8827,2768
AATAAGTCCTCGAGAC-1,0,5,71,8712,2963
ACCAGCCCGGTCTTTG-1,0,4,72,8601,2766
CTACGAACTAGGTCGA-1,0,5,73,8486,2961
ACATCTCAACGCGTAA-1,0,4,74,8375,2764
CACTACTCAGTTCTGT-1,0,5,75,8260,2959
CCGACTCGCATAGTCT-1,0,4,76,8149,2762
CATTTATCGTTCAAGA-1,0,5,77,8034,2958
CAAACGTGGTCTTGCG-1,0,4,78,7923,2760
TAGAAACCACTAAGTA-1,0,5,79,7808,2956
ACTGATTTAGTGATTC-1,0,4,80,7696,2758
TCGTATTTCGTCCGGA-1,0,5,81,7582,2954
CGGAAATTTCACATCC-1,0,4,82,7470,2756
ATCCACGCTAAATGTT-1,0,5,83,7355,2952
GTTCAATCTATGTCAA-1,0,4,84,7244,2754
ATAAAGGTCAAGTACG-1,0,5,85,7129,2950
CAACTCCAACGTTTAG-1,0,4,86,7018,2752
TAGGAACAGCCTCCAG-1,0,5,87,6903,2948
ATGGGAACGGAAGCGG-1,0,4,88,6792,2750
CACACGTTTCAATGGG-1,0,5,89,6677,2946
GGTGTTCTGTTTCTAC-1,0,4,90,6566,2748
AGTAACGTTCATCCTG-1,0,5,91,6451,2944
GTATAGTGGCCCATGT-1,0,4,92,6339,2746
TCTACACGTTCATGCA-1,0,5,93,6225,2942
AATCTGGGTAGACCCT-1,0,4,94,6113,2744
TCGGTTAGCCATGTAG-1,0,5,95,5999,2940
TGCCATGGCTTATAAG-1,0,4,96,5887,2742
TAAGTAAATGTGCCGC-1,0,5,97,5772,2938
GTGTCCGATAAGGCAT-1,0,4,98,5661,2740
TGGCACGAGCTCGAGT-1,0,5,99,5546,2936
ACCGGTCTGAGTACGG-1,0,4,100,5435,2738
GAACTTAGCGCCCGGT-1,0,5,101,5320,2934
AGTAGCTAGACGCCGA-1,0,4,102,5209,2736
ATAGGAATCTAAGCTT-1,0,5,103,5094,2932
CTTCCTGCATATTTAC-1,0,4,104,4983,2734
CAATATGTAGATTTAC-1,0,5,105,4868,2930
ACAAGGCCTACCAGCC-1,0,4,106,4756,2732
TTATAGTCCAAGGTGC-1,0,5,107,4642,2928
AAACGCCCGAGATCGG-1,0,4,108,4530,2730
CCTCGTTACGCCTGTT-1,0,5,109,4415,2926
GAACGGTGTAAAGCAG-1,0,4,110,4304,2728
ACGCATAAATGACATG-1,0,5,111,4189,2924
GGTTCGATGCTGAGTT-1,0,4,112,4078,2726
CTTTGGCAGACAGAGT-1,0,5,113,3963,2922
TTCGTGGGCTGGAAGC-1,0,4,114,3852,2724
CAAAGGTTAAATTCAG-1,0,5,115,3737,2920
GTTTGGCGTCAGGCAC-1,0,4,116,3626,2722
GCTTTCTATCTCAACT-1,0,5,117,3511,2918
TGCATCTCCGGATCTT-1,0,4,118,3399,2720
CTGAAACGGCCCTCAG-1,0,5,119,3285,2916
TAGCAGTAAATACGCG-1,0,4,120,3173,2718
CGGGCTACTTAAATTG-1,0,5,121,3059,2914
ATTATGCTCAGTATTG-1,0,4,122,2947,2716
TGATGCTCACGTAGTC-1,0,5,123,2832,2912
GTCTAAGATGCCCAGC-1,0,4,124,2721,2714
AACCCGATAGGGCTTC-1,0,5,125,2606,2910
CGCTATCGTGGCTTTA-1,0,4,126,2495,2712
CGTCTCTCGCCGAGGC-1,0,5,127,2380,2908
AGTGGGAGTATACACG-1,0,6,0,16739,3230
GGTCTTGGTGTTAACT-1,0,7,1,16624,3426
GGCTGGCAGCTTTATG-1,0,6,2,16513,3228
CGCCAATTATTGCGTT-1,0,7,3,16398,3424
GGTAACCGGCAAAGGT-1,0,6,4,16287,3226
TGGGACCATTGGGAGT-1,0,7,5,16172,3422
CTGCAGGTGCTCGGCC-1,0,6,6,16061,3224
CCGGTGCGAGTGATAG-1,0,7,7,15946,3420
GGGTACACTCTGGAGG-1,0,6,8,15835,3222
TAGCCAGAGGGTCCGG-1,0,7,9,15720,3418
CTTGTGAGGACAGCGG-1,0,6,10,15608,3220
GAAGGGCATAACCATG-1,0,7,11,15494,3416
CAACATGGCCTGATAA-1,0,6,12,15382,3218
CAATTTGACCGGGAAG-1,0,7,13,15267,3414
TCTGACTGTAATGGTT-1,0,6,14,15156,3216
TTCATAGCCTTGTAAC-1,0,7,15,15041,3412
TGGAAACGGAGTGAAC-1,0,6,16,14930,3214
ATCGCACGATTGTTCA-1,0,7,17,14815,3410
CGCCACCCGCATTAAC-1,0,6,18,14704,3212
TGGACCACGGCGTTGA-1,0,7,19,14589,3408
GTATATGTTACGGCGG-1,0,6,20,14478,3210
GTATTCTTACCGTGCT-1,1,7,21,14363,3406
TTCAGAGTAACCTGAC-1,1,6,22,14251,3209
GCGGTAACCCAAATGA-1,1,7,23,14137,3404
CTACGTGTTGCCACCA-1,1,6,24,14025,3207
CTAGATAAACTCCTCG-1,1,7,25,13911,3402
TCCATTAGTTGGATAG-1,1,6,26,13799,3205
CTGGCTCCTGCGGGAT-1,1,7,27,13684,3400
CAGTCTCTCGGCTAAT-1,1,6,28,13573,3203
GTATGACGTGGGAAAC-1,1,7,29,13458,3398
AGTCACTCCGCCTCAT-1,1,6,30,13347,3201
GCAGCGGTGGGCATTA-1,1,7,31,13232,3396
TATGGAGTTTCTCGTT-1,1,6,32,13121,3199
ACTCAACGAATGTATT-1,1,7,33,13006,3394
AACACGCGGCCGCGAA-1,0,6,34,12895,3197
CGATATTAGCCGCAGG-1,1,7,35,12780,3392
AGCGTCTGAACCCGCA-1,0,6,36,12668,3195
GATGTCCGGATCACAT-1,0,7,37,12554,3390
GGTCACGTTAGATTCA-1,0,6,38,12442,3193
TTAAGGATACGGAGGT-1,0,7,39,12327,3389
GTGCGGGACCATCGGC-1,0,6,40,12216,3191
CCATCTTGTTCACAAT-1,0,7,41,12101,3387
TCCGAGAAGGCTAAGC-1,0,6,42,11990,3189
TGGCGGTGTGCGATTG-1,0,7,43,11875,3385
ATCCTGCTGCAGATAG-1,0,6,44,11764,3187
TTATGCGTCCCGGTCC-1,0,7,45,11649,3383
CATAATGAGCGGGCGA-1,0,6,46,11538,3185
AGACATAGATCCTTCC-1,0,7,47,11423,3381
GGTGAAACCGGGAATG-1,0,6,48,11311,3183
AACTGGTGTGGGCCTT-1,0,7,49,11197,3379
GTAGCGCTGTTGTAGT-1,0,6,50,11085,3181
TTGTTTGTGTAAATTC-1,0,7,51,10970,3377
GGATCAAAGGACGAGG-1,0,6,52,10859,3179
CGTAGCGCCGACGTTG-1,0,7,53,10744,3375
CAAGTGAACTTTGGTT-1,0,6,54,10633,3177
GTAGACAACCGATGAA-1,0,7,55,10518,3373
CAATGGTCGGCCTGGG-1,0,6,56,10407,3175
ACAGATTAGGTTAGTG-1,0,7,57,10292,3371
GTTATCACCTTCTGAA-1,0,6,58,10181,3173
TGGTATCGGTCTGTAT-1,0,7,59,10066,3369
GGAATAACCTCAAGAA-1,0,6,60,9955,3171
ATTATCTCGACAGATC-1,0,7,61,9840,3367
CCGAGGGATGTTAGGC-1,0,6,62,9728,3169
TGAGATCAAATACTCA-1,0,7,63,9614,3365
AAACGAAGAACATACC-1,0,6,64,9502,3167
CTGGTCCTAACTTGGC-1,0,7,65,9387,3363
TGCACGAGTCGGCAGC-1,0,6,66,9276,3165
ATAGTCTTTGACGTGC-1,0,7,67,9161,3361
TGGAGCTAAAGTTCCC-1,0,6,68,9050,3163
GGGTGGTCCAGCCTGT-1,0,7,69,8935,3359
CATGCATGGAGACCCT-1,0,6,70,8824,3161
ACACGGCACTATGCAT-1,0,7,71,8709,3357
CCCTGGTATGGGCGGC-1,0,6,72,8598,3159
GGAGGATTGAAAGGAG-1,0,7,73,8483,3355
CCGCTGGTGCCATTCA-1,0,6,74,8371,3157
GTTAGAGTGTGCCGCT-1,0,7,75,8257,3353
TCGGAATGACCATCAA-1,0,6,76,8145,3155
TTCAATTAGCCATAAT-1,0,7,77,8030,3351
GATGTGTTGTCACAAG-1,0,6,78,7919,3153
TCTTTCTCTTAAGGAG-1,0,7,79,7804,3349
ACCCTTTAGTTCTCCA-1,0,6,80,7693,3151
ACCACAACTCAGAACA-1,0,7,81,7578,3347
TATGATAAATCTAACG-1,0,6,82,7467,3149
GATCCTCTTGCGCTTA-1,0,7,83,7352,3345
TTCTACCTTTATGTTG-1,0,6,84,7241,3147
GAAATACCTGCTGGCT-1,0,7,85,7126,3343
ATTCTGAGTATGAACT-1,0,6,86,7015,3145
GGATTAAGCTAAGGTC-1,0,7,87,6900,3341
AGTACGTGGCCTGTCT-1,0,6,88,6788,3143
TCAGGGTGCACGAAAC-1,0,7,89,6674,3339
AAATTTACCGAAATCC-1,0,6,90,6562,3141
TTGAGGCATTTAACTC-1,0,7,91,6447,3337
AACCAGTATCACTCTT-1,0,6,92,6336,3139
CACCGGAGATATCTCC-1,0,7,93,6221,3335
GACTGGGCGCCGCAAC-1,0,6,94,6110,3138
CACGTCTATGATGTGG-1,0,7,95,5995,3333
TTAAGACGAACGAACC-1,0,6,96,5884,3136
TGACCAGCTTCAAAGT-1,0,7,97,5769,3331
AGAGTTAGAGACCGAT-1,0,6,98,5658,3134
TTCGGACTGATGCCTT-1,0,7,99,5543,3329
CTCGAATGGAACGTAT-1,0,6,100,5431,3132
GGACGGCTTGCGCAAC-1,0,7,101,5317,3327
CTAAGTACAGGGCTAC-1,0,6,102,5205,3130
ACAAATTCAGATCTGA-1,0,7,103,5090,3325
CATGGAAATGGGACCA-1,0,6,104,4979,3128
GGTGGACCACGTGTTA-1,0,7,105,4864,3323
CACGACGTAATAGTAA-1,0,6,106,4753,3126
CGGGTTCGGCACGTAT-1,0,7,107,4638,3321
CTGGGCTATCCTTTGG-1,0,6,108,4527,3124
GTATTAGGGTTCGCGT-1,0,7,109,4412,3319
TCATTCGTATAATTTG-1,0,6,110,4301,3122
AATAGCAAGCCTCCTG-1,0,7,111,4186,3318
CATCTACCCGAGAACG-1,0,6,112,4074,3120
GCTTCAGTGGGATTAC-1,0,7,113,3960,3316
TCTGTGATGGAGGTTG-1,0,6,114,3848,3118
ATCCACTTTCAGACTA-1,0,7,115,3734,3314
ATGGTTACGAAACATG-1,0,6,116,3622,3116
GGCCCAATCTAGAGGG-1,0,7,117,3507,3312
GATGGTGAAATAACCC-1,0,6,118,3396,3114
AGAGGGACAATTGTCC-1,0,7,119,3281,3310
CGCGTACATTCTGGAA-1,0,6,120,3170,3112
CAAGAAACCCTAAACT-1,0,7,121,3055,3308
TTGGTGCGGTGTTGAA-1,0,6,122,2944,3110
GGTTCCCTAGTGTCTC-1,0,7,123,2829,3306
CGATAACCAATTTGAG-1,0,6,124,2718,3108
GCCCACTGGTCCACAA-1,0,7,125,2603,3304
GAGGGCCGGCAGAGTC-1,0,6,126,2491,3106
CGACACGGATGCCCAC-1,0,7,127,2377,3302
CTGTCTGTGGCTGGCT-1,0,8,0,16736,3624
ATATTATCCCGTATTT-1,0,9,1,16621,3820
GCGCTGGCGGAAAGTC-1,0,8,2,16510,3622
ATCTAACGTCCCTATG-1,0,9,3,16395,3818
GTCAGACAGCGTTGGA-1,0,8,4,16283,3620
GCCAGGCTTAGTGGTA-1,0,9,5,16169,3816
ATTCAAAGTACCTGTT-1,0,8,6,16057,3618
TGGACGTAGGCGAATC-1,0,9,7,15942,3814
ACACATTGACGCAACA-1,0,8,8,15831,3616
GATATCAGTATGTATC-1,0,9,9,15716,3812
TGGGCCTTGCCTGCAT-1,0,8,10,15605,3614
CAAAGTCAGGTTAGCT-1,0,9,11,15490,3810
GGATCCCTACCAGCTA-1,0,8,12,15379,3612
ATCGTCCAATCGAGTC-1,0,9,13,15264,3808
ACATGGCTCAATTTAG-1,0,8,14,15153,3610
AGGCCCAGTGACTGGT-1,1,9,15,15038,3806
GCTTCCAGCTTAGATT-1,0,8,16,14926,3608
TGCTTGAAACCATGCA-1,0,9,17,14812,3804
CAATATTGGACTAGTG-1,0,8,18,14700,3606
CGTGCTGGCCTAGTCG-1,1,9,19,14586,3802
CCTGCGATAGAACTGT-1,1,8,20,14474,3604
GGGTAATGCTGTGTTT-1,1,9,21,14359,3800
AACGCGAACGGCAACA-1,1,8,22,14248,3602
TGTCGGCATGGTGGAA-1,1,9,23,14133,3798
AGCGTACGAGAGCTAG-1,1,8,24,14022,3600
ATACTCTCGCCACTCT-1,1,9,25,13907,3796
AATCCATGCAAGGGTG-1,1,8,26,13796,3598
TTAAACAGAGTCCCGC-1,1,9,27,13681,3794
CCACAGCTGAAATCAT-1,1,8,28,13570,3596
CGGTTCCGGCTTCTTG-1,1,9,29,13455,3792
GACGTGAGACTCCATG-1,1,8,30,13343,3594
TCGTTGGCTCGTCAAT-1,1,9,31,13229,3790
GGTGAACGGGCTAGCC-1,1,8,32,13117,3592
GCACTGTGCAAATGTA-1,1,9,33,13002,3788
ACGAGAACCCATCACG-1,1,8,34,12891,3590
CCAGCTACGCCTCATA-1,1,9,35,12776,3786
TCCCGGTCAGGAATTT-1,1,8,36,12665,3588
TCGCATTCAATGACTT-1,1,9,37,12550,3784
CTGGTTCAACGCATCA-1,1,8,38,12439,3586
GGTGATTTCATCTTGT-1,1,9,39,12324,3782
CACCCTTTCCTCGCTC-1,0,8,40,12213,3584
CAACTTGTAGTGGGCA-1,1,9,41,12098,3780
AATATCAAGGTCGGAT-1,0,8,42,11986,3582
ACTCAGACCTGCTTCT-1,0,9,43,11872,3778
TTGGAGTCTCCCTTCT-1,0,8,44,11760,3580
GGATACTCATGAATTG-1,0,9,45,11646,3776
TGGGCACAAACAGAAC-1,0,8,46,11534,3578
GAGCCACGGTAGTAGG-1,0,9,47,11419,3774
TCGATAGGCTAGTCGC-1,0,8,48,11308,3576
TAACCGCCCGCAGTGC-1,0,9,49,11193,3772
GCCTATTTGCTACACA-1,0,8,50,11082,3574
TTGACGATTCAGCACG-1,0,9,51,10967,3770
TTAAACCGGTAGCGAC-1,0,8,52,10856,3572
ACCGAAAGGGCCCTGC-1,0,9,53,10741,3768
ACGTTCCGCGCTCCGT-1,0,8,54,10630,3570
ATACCAGGCTAATAGA-1,0,9,55,10515,3766
CGGCTTTGTATGATAA-1,0,8,56,10403,3569
CTTGACCCGAAAGATA-1,0,9,57,10289,3764
CGCAGAAACATTTGCG-1,0,8,58,10177,3567
GACCCGTCGCCGGCTA-1,0,9,59,10062,3762
AATCGGGACACTACGA-1,0,8,60,9951,3565
GTCACAAAGTTTCCAA-1,0,9,61,9836,3760
TATATTCGCGTCGATA-1,0,8,62,9725,3563
CCTCCCGACAATCCCT-1,0,9,63,9610,3758
CGACATGCGATCTTCT-1,0,8,64,9499,3561
AACACGACTGTACTGA-1,0,9,65,9384,3756
CCCAACCACACTAACA-1,0,8,66,9273,3559
CACCGCCGACCAGCGA-1,0,9,67,9158,3754
TGGTATCGCATCCCAA-1,0,8,68,9046,3557
CAGAGTGATTTAACGT-1,0,9,69,8932,3752
AACCCTGGTGGAACCA-1,0,8,70,8820,3555
GTCAGTTGTGCTCGTT-1,0,9,71,8706,3750
ATTGACGTAACTCGGT-1,0,8,72,8594,3553
GATGTCGGTCAACTGC-1,0,9,73,8479,3748
AGGGCAGCGGCGTGGT-1,0,8,74,8368,3551
ACATCGTTAACCTAGT-1,0,9,75,8253,3747
TCCATTGTGACCTCGT-1,0,8,76,8142,3549
TGTTTAATACTTCATC-1,0,9,77,8027,3745
TTGCTGGCCGGGCTTC-1,0,8,78,7916,3547
CATATTATTTGCCCTA-1,0,9,79,7801,3743
CTGCCTAGCCACCAAG-1,0,8,80,7690,3545
ACGAGATATTTGCTTA-1,0,9,81,7575,3741
GACTACAATTGCTCGT-1,0,8,82,7463,3543
AACGTGATGAAGGACA-1,0,9,83,7349,3739
ACTCTCTTATACACGA-1,0,8,84,7237,3541
CGCATCATGGCTTCAG-1,0,9,85,7122,3737
CGGCTCTTCGTCGAAC-1,0,8,86,7011,3539
ATTCTTCGTACTTATG-1,0,9,87,6896,3735
AGTGAGGGTTTCTGAC-1,0,8,88,6785,3537
GCCAGGCGTTCGCATG-1,0,9,89,6670,3733
GACTAACACAGCACCT-1,0,8,90,6559,3535
CAATGGAATCTACATA-1,0,9,91,6444,3731
GTGGTCAGCGAAGTAT-1,0,8,92,6333,3533
ATGGCTGGAAATGGCC-1,0,9,93,6218,3729
ATCAGGTCGCCATTGC-1,0,8,94,6106,3531
TATCACCATGTAAAGT-1,0,9,95,5992,3727
AGCGCTTATGGGCAAG-1,0,8,96,5880,3529
AAGCGGCGTCATGGGT-1,0,9,97,5766,3725
ACTAATACGTCAGGCG-1,0,8,98,5654,3527
GGCTGAGCATCGTAAG-1,0,9,99,5539,3723
CGGTTGGGTTCAAGTT-1,0,8,100,5428,3525
GACTGATTGGTCACAA-1,0,9,101,5313,3721
AGACGGGCCGATTTAA-1,0,8,102,5202,3523
ACCAGTGCCCGGTCAA-1,0,9,103,5087,3719
GTCCTTTAATGACTTC-1,0,8,104,4976,3521
CCTACAAGTCCGGAAT-1,0,9,105,4861,3717
GCCTGCTACACTGAGA-1,0,8,106,4750,3519
GACTCGGTCGGCGGAT-1,0,9,107,4635,3715
CTAGACATATATGTAG-1,0,8,108,4523,3517
TCGCCCAACTGACTCC-1,0,9,109,4409,3713
AAACTAACGTGGCGAC-1,0,8,110,4297,3515
AACTGAGGTCAGCGTC-1,0,9,111,4182,3711
ACAATGATTCTTCTAC-1,0,8,112,4071,3513
ATAAGTACCCGATTGT-1,0,9,113,3956,3709
ATTGGGAGTTCTGTAA-1,0,8,114,3845,3511
CGAACATAGTCAGAAA-1,0,9,115,3730,3707
TAGCTCAGATCCTAGT-1,0,8,116,3619,3509
GTGTCGTATTCACCTT-1,0,9,117,3504,3705
CTCACCGATCCAAACT-1,0,8,118,3393,3507
ATATGTGCACAAACCA-1,0,9,119,3278,3703
CAGTCCAACGCCTTCT-1,0,8,120,3166,3505
TCGTCCGGGTACACTC-1,0,9,121,3052,3701
GCAGAAACGTAATCCA-1,0,8,122,2940,3503
TTCGAGCCGGCGCTAC-1,0,9,123,2825,3699
GGAAGATAAGACTGTA-1,0,8,124,2714,3501
ATAAGCAAACACCGAG-1,0,9,125,2599,3697
GCATAAATTGAACGCC-1,0,8,126,2488,3499
CGCCGGTGTCGCAGTA-1,0,9,127,2373,3695
GACCTGGTCTGGGCGT-1,0,10,0,16732,4017
AGCCGCTTGATTAGCG-1,0,11,1,16617,4213
CCCGGCTAGGTGAGAA-1,0,10,2,16506,4015
CGAGCCGAGCACTCGA-1,0,11,3,16391,4211
TAGTGCTTGAATCCTT-1,0,10,4,16280,4013
CAACCGCACCTAGACA-1,0,11,5,16165,4209
ACCACTGTTCAAGAAG-1,0,10,6,16054,4011
AGATGCTATAACGAGC-1,0,11,7,15939,4207
AATTACTCGTACGCTC-1,0,10,8,15828,4009
CGTCAATCTTTAACAT-1,0,11,9,15713,4205
CCAAAGCAGTTGGTTG-1,0,10,10,15602,4007
CCATATTGGATCATGA-1,0,11,11,15487,4203
CGTACCGAAAGTCTAG-1,0,10,12,15375,4005
CTCGAGATCCAAAGCA-1,0,11,13,15261,4201
TGGATAGAGTAACAGA-1,0,10,14,15149,4003
TCACAGATCCTCAAAC-1,1,11,15,15034,4199
AGAGCTACGAAAGCAT-1,0,10,16,14923,4001
TGCGTGATTGGGTGTC-1,1,11,17,14808,4197
CACATGTTTGGACATG-1,1,10,18,14697,3999
TTCGCATCCGGAAGCA-1,1,11,19,14582,4195
CCCTAGTGTCAGGTGT-1,1,10,20,14471,3998
TTACCGCCTTAGGGAA-1,1,11,21,14356,4193
CCAGTCCATTATTCGA-1,1,10,22,14245,3996
CGTAAACGCTTGAGTG-1,1,11,23,14130,4191
ATTCCTTCCAGGCGGT-1,1,10,24,14018,3994
TTCCTTTCTGTGTTGC-1,1,11,25,13904,4189
AGTTGACATCGGCTGG-1,1,10,26,13792,3992
AACTCGATGGCGCAGT-1,1,11,27,13677,4187
GATAAGGCAGATGCAA-1,1,10,28,13566,3990
GGCTGGCTAGCTTAAA-1,1,11,29,13451,4185
CCTCATGCAGCTACGA-1,1,10,30,13340,3988
GACGCCTGTTGCAGGG-1,1,11,31,13225,4183
TAATTAGATGGATATG-1,1,10,32,13114,3986
GAGGGCATCGCGTATC-1,1,11,33,12999,4181
CTTGTGAGTCTTTGAC-1,1,10,34,12888,3984
TCAACACATTGGGTAA-1,1,11,35,12773,4179
ACTGTATACGCGAGCA-1,1,10,36,12662,3982
GTGAAACGTGCTCCAC-1,1,11,37,12547,4178
CGAGTGCTATAGTTCG-1,1,10,38,12435,3980
GTACTGCATGAAGCGT-1,1,11,39,12321,4176
GTAACTTGCGGCAGTC-1,1,10,40,12209,3978
GAATCGCCGGACACGG-1,1,11,41,12094,4174
GGGAGTAATGGCTGGC-1,1,10,42,11983,3976
CATGAACCGACATTTG-1,1,11,43,11868,4172
TCTGTCATACAAGAGC-1,1,10,44,11757,3974
GTCGTCAATTATAAGG-1,1,11,45,11642,4170
TAAAGAGCCCGAAACC-1,0,10,46,11531,3972
GTACTGAGGTCGTAAC-1,1,11,47,11416,4168
AAAGACCCAAGTCGCG-1,0,10,48,11305,3970
CGTCAGTGCGCACAAG-1,0,11,49,11190,4166
TGTATCCTTATTCCAT-1,0,10,50,11078,3968
ATTCTCGTCTCTTTAG-1,0,11,51,10964,4164
AAAGTCACTGATGTAA-1,0,10,52,10852,3966
TGTCTACAGTTTCTGT-1,0,11,53,10737,4162
TTAACGTCGCAAGACC-1,0,10,54,10626,3964
CTATGTCTATTGAAAC-1,0,11,55,10511,4160
TCGGGTGAAACTGCTA-1,0,10,56,10400,3962
TGTCCCGACATAGCAC-1,0,11,57,10285,4158
ACAGCATAGAGCCAGT-1,0,10,58,10174,3960
ATATTCCCACAGGTCA-1,0,11,59,10059,4156
TTGGATCGACTTCTGG-1,0,10,60,9948,3958
CACCATCGGAGGAGAC-1,0,11,61,9833,4154
TCGTTCGTTATTATGT-1,0,10,62,9721,3956
CTTAACTTCGAAGTAC-1,0,11,63,9607,4152
GCACAAGTGTCGGAAG-1,0,10,64,9495,3954
TACCAGCTAGGTTTAA-1,0,11,65,9381,4150
ACGTACAGATTTCTCT-1,0,10,66,9269,3952
AATTTGGTTCCAAAGA-1,0,11,67,9154,4148
GTAAGGATTTGTCGGA-1,0,10,68,9043,3950
CATCATCTACCCGGAC-1,0,11,69,8928,4146
ACGATGGATCCGATGC-1,0,10,70,8817,3948
CACTCAGCTCTTGAGG-1,0,11,71,8702,4144
TAGATCCGAAGTCGCA-1,0,10,72,8591,3946
TGAAACTTATGCAAGC-1,0,11,73,8476,4142
GCGATTCTGGAAGCAG-1,0,10,74,8365,3944
CAAACTATTGAGCTTC-1,0,11,75,8250,4140
TAGAATTAAGGGCAAC-1,0,10,76,8138,3942
CGAAACATAGATGGCA-1,0,11,77,8024,4138
GATGGTGCCCTAGGCA-1,0,10,78,7912,3940
CCCGCAGGGCCCAAAG-1,0,11,79,7797,4136
ACAGCGCACCCGCAGC-1,0,10,80,7686,3938
GGTAAATGTGCGTTAC-1,0,11,81,7571,4134
GTCCTTCTAGTGGGTT-1,0,10,82,7460,3936
GGAAGCTCGCTTACAG-1,0,11,83,7345,4132
CACCGATACACCGAGC-1,0,10,84,7234,3934
CAGCCGGGCCCTCTAT-1,0,11,85,7119,4130
CGGAGCTTATAACACC-1,0,10,86,7008,3932
ATTACAACTACCGGCC-1,0,11,87,6893,4128
TCCTCTGGCCCATTAG-1,0,10,88,6781,3930
CGGCACCGTTAGCGCC-1,0,11,89,6667,4126
TCGGTCCCTGACTCCA-1,0,10,90,6555,3928
TGGTTGGAGGATCCTG-1,0,11,91,6441,4124
CTGCGGTAGTCACGTG-1,0,10,92,6329,3927
GTGCCTCAGTGTACGG-1,0,11,93,6214,4122
ATCGTTCACTTTCGCC-1,0,10,94,6103,3925
ACTTACCGGGCGCGCA-1,0,11,95,5988,4120
CTAGACTGCATTTCGT-1,0,10,96,5877,3923
TTGCCGGTGATCCCTC-1,0,11,97,5762,4118
CTGTCACGCCAGGCGC-1,0,10,98,5651,3921
CGGTATAGGTATTAGC-1,0,11,99,5536,4116
CCAACGCTTGCCAGGG-1,0,10,100,5425,3919
CGTTGAGTAATTGCGT-1,0,11,101,5310,4114
TGTATTTACCTAATGC-1,0,10,102,5198,3917
TAAATGCCGTCTCATG-1,0,11,103,5084,4112
CGGTTTATGAAGGAAC-1,0,10,104,4972,3915
GCAAGATGTGTTCGCG-1,0,11,105,4857,4110
AAAGGTAAGCTGTACC-1,0,10,106,4746,3913
GTACGTCACGTATTAA-1,0,11,107,4631,4108
AGTACCTTCGAGTGCT-1,0,10,108,4520,3911
ATTGTGACTTCGCTGC-1,0,11,109,4405,4106
TGTATCAGACTGAAGC-1,0,10,110,4294,3909
GAGACCCTGCAACGCC-1,0,11,111,4179,4105
TGGGTGGGATGTCATT-1,0,10,112,4068,3907
GGCTAATGATTGAAAT-1,0,11,113,3953,4103
ATAACGTTACCTCCAC-1,0,10,114,3841,3905
TGCGAGATGGCGGCCA-1,0,11,115,3727,4101
CACACTTGTATTGCGA-1,0,10,116,3615,3903
GCTGGTGACTCGTAGT-1,0,11,117,3501,4099
CGACACCGCTTAAGGA-1,0,10,118,3389,3901
GTAACAACTGACCTTG-1,0,11,119,3274,4097
CAACTGAGGGTATGAC-1,0,10,120,3163,3899
CTAATTATGAAGCGTA-1,0,11,121,3048,4095
CCGATCTTAAGAGGCT-1,0,10,122,2937,3897
CGACTCGGTACACGGT-1,0,11,123,2822,4093
TGCTGCGTCAGAGTTA-1,0,10,124,2711,3895
AGAGTTGCAGGCCTCC-1,0,11,125,2596,4091
ACTGGCGAACCTGCGT-1,0,10,126,2485,3893
ACTAAGGACGCACACC-1,0,11,127,2370,4089
CGTCCAGATGGCTCCA-1,0,12,0,16729,4411
ACTATCGCCGGCTAAA-1,0,13,1,16614,4607
GATAGCGTACCACGCG-1,0,12,2,16503,4409
AGGACTTATAGGAGAA-1,0,13,3,16388,4605
TAGTCGGGATTCTTCG-1,0,12,4,16277,4407
ACCATTAAGGGTGTCA-1,0,13,5,16162,4603
TTAATGTGTTTGCAGG-1,0,12,6,16050,4405
TCCGCAGCCACCTAGC-1,0,13,7,15936,4601
GAGGAGATCCTCATGC-1,0,12,8,15824,4403
GGTCCTTCATACGACT-1,0,13,9,15709,4599
CCCTGTTGGCAAAGAC-1,0,12,10,15598,4401
GTGCCTAGCTATGCTT-1,0,13,11,15483,4597
GTCATCTCCTACAGCT-1,0,12,12,15372,4399
GCGAGAAACGGGAGTT-1,1,13,13,15257,4595
CGTCGCGGCGGGATTT-1,1,12,14,15146,4397
CATTGTGTGCTAGATC-1,1,13,15,15031,4593
CGCGGCAGTATTACGG-1,1,12,16,14920,4395
GAAATGGGATGTAAAC-1,1,13,17,14805,4591
CATTCCCTAAGTACAA-1,1,12,18,14693,4393
AGTTCTGCGTTGTATC-1,1,13,19,14579,4589
ACCCTATAGGACTGAG-1,1,12,20,14467,4391
TTAGATAGGTCGATAC-1,1,13,21,14353,4587
ATTGATAGCAACGAGA-1,1,12,22,14241,4389
TCTCGGCTCCAGGACT-1,1,13,23,14126,4585
CTTGAGGTTATCCCGA-1,1,12,24,14015,4387
AAGAAGGATCAGTTAG-1,1,13,25,13900,4583
GTACGACGGCGCTGCG-1,1,12,26,13789,4385
CTTATGTTGACTACCA-1,1,13,27,13674,4581
CGGCACTCAAGAAAGT-1,1,12,28,13563,4383
GTCAAAGTTTACATAG-1,1,13,29,13448,4579
CTCCTAAGTTATGTCT-1,1,12,30,13337,4381
ACTGTGCTAGTAGATC-1,1,13,31,13222,4577
GTTTGGCCGCTCAGCG-1,1,12,32,13110,4379
TTATCCAATCGAACTC-1,1,13,33,12996,4575
CCGTACCCAAGCGCCA-1,1,12,34,12884,4377
CATACAAAGCCGAACC-1,1,13,35,12769,4573
GGTCGGTAATTAGACA-1,1,12,36,12658,4375
AGCGGGAAGGGTCCAT-1,1,13,37,12543,4571
GCCCACCAAGGCTGTC-1,1,12,38,12432,4373
GTAGACGTCGTTACAT-1,1,13,39,12317,4569
GAGCATCATCCCTGGG-1,1,12,40,12206,4371
AGGTAACCTCCTATTC-1,1,13,41,12091,4567
GGTTTGAGTGCTGGAA-1,1,12,42,11980,4369
GCACTAGTCGCGCTAT-1,1,13,43,11865,4565
GGTAACTATGTATCTG-1,1,12,44,11753,4367
GCGGTCCCTAGACGCA-1,1,13,45,11639,4563
CGAGCGTTGATCAGCC-1,1,12,46,11527,4365
AATCCAAGGGCCTGAG-1,1,13,47,11413,4561
CCGTGCCCATGACGGC-1,1,12,48,11301,4363
GAAATTCACATCGCTG-1,1,13,49,11186,4559
CTCTGCGAAGCAAGCA-1,1,12,50,11075,4361
AGTAGGTAACATACAT-1,1,13,51,10960,4557
ATTGGGAATATCTTGG-1,0,12,52,10849,4359
TAGAGCTACGAAGAAC-1,1,13,53,10734,4555
TGCGGCATAGTTCAAC-1,0,12,54,10623,4357
CCGCCGGTCAACACAC-1,0,13,55,10508,4553
TCGTATAGTGCAATTA-1,0,12,56,10397,4356
TAGTTTATTCTTGCTT-1,0,13,57,10282,4551
GATATCTCATGCAATA-1,0,12,58,10170,4354
CGTTTAAGCGGAGCAC-1,0,13,59,10056,4549
CATGCTGGCTCCAATT-1,0,12,60,9944,4352
GAAACAGCCATGCAGT-1,0,13,61,9829,4547
AGTTTCGCAGGTCGGA-1,0,12,62,9718,4350
CTCATGGCTCACAATC-1,0,13,63,9603,4545
AACCGTTGTGTTTGCT-1,0,12,64,9492,4348
ACCCTTCATCTGCGAA-1,0,13,65,9377,4543
TGCGGTGAAATTTCAT-1,0,12,66,9266,4346
CAAATTGTCAGCAAGC-1,0,13,67,9151,4541
GAGGTACATCCATCTT-1,0,12,68,9040,4344
AAATGGCATGTCTTGT-1,0,13,69,8925,4539
TCATCCCAGAGGGTGG-1,0,12,70,8813,4342
CGTAGCGAATTGTCAG-1,0,13,71,8699,4537
CCTAGTTAGTCGCATG-1,0,12,72,8587,4340
GAAACTCTAATGAAGG-1,0,13,73,8472,4536
TTGTATCACACAGAAT-1,0,12,74,8361,4338
TTCAAGCCGAGCTGAG-1,0,13,75,8246,4534
AGGTACGATATTGCCA-1,0,12,76,8135,4336
TTAAGCCGACAACTTC-1,0,13,77,8020,4532
GTCTTAGTACAGCCGG-1,0,12,78,7909,4334
TGGGTAAGGTTCCCGC-1,0,13,79,7794,4530
CTACGCCATTTCCGAT-1,0,12,80,7683,4332
GACCGTCAGGTCGTGA-1,0,13,81,7568,4528
TAGTTAAGATAGGATA-1,0,12,82,7457,4330
GAATATTCGGAGTCCC-1,0,13,83,7342,4526
CAAACTACGATAGAGA-1,0,12,84,7230,4328
CAGGAAGACTTTATAT-1,0,13,85,7116,4524
TTCGTAATCCCAGCGG-1,0,12,86,7004,4326
GTGAGGAGCGGTTGAG-1,0,13,87,6889,4522
CAATCCCTATACCAGC-1,0,12,88,6778,4324
AGGGAAACGAGGTACT-1,0,13,89,6663,4520
TCCTGCCAACTGGAGA-1,0,12,90,6552,4322
AATTTGGGACATAGTA-1,0,13,91,6437,4518
AACTCCTAATCCCATG-1,0,12,92,6326,4320
GCTCATTACTGCATGT-1,0,13,93,6211,4516
TCTCGAACGAGGTCAC-1,0,12,94,6100,4318
TCACTACGACCAATGC-1,0,13,95,5985,4514
GTGATGCACAACATCT-1,0,12,96,5873,4316
CCGACGTAAACACAAC-1,0,13,97,5759,4512
TGGGATGCACTCATTC-1,0,12,98,5647,4314
TTCCATCATGCGGTGA-1,0,13,99,5532,4510
TGCACAGTGAAGTTAT-1,0,12,100,5421,4312
CTATTGTGTTTGGTCA-1,0,13,101,5306,4508
TGCGAGCCCTTCCGCG-1,0,12,102,5195,4310
TTGAAAGGTGTAAAGG-1,0,13,103,5080,4506
GGTGCAGAGCCTATCG-1,0,12,104,4969,4308
ACTATATGCTGTGTTC-1,0,13,105,4854,4504
TCCTGGCGCTGCCTGG-1,0,12,106,4743,4306
GAGCCGAGCGTTTATT-1,0,13,107,4628,4502
AGAATGCGGGTTCGGA-1,0,12,108,4517,4304
ATGCGACAATTGGTCC-1,0,13,109,4402,4500
TTCCGGCTCGACTTCT-1,0,12,110,4290,4302
TGATTATGGCACGCAG-1,0,13,111,4176,4498
GGTTTGACAAGAAGCT-1,0,12,112,4064,4300
GCAGCTATGGACAGGT-1,0,13,113,3949,4496
CACCATGATCGCAAAG-1,0,12,114,3838,4298
GTCGGAAGGATACCAG-1,0,13,115,3723,4494
GGCCCAGTTATCAGCA-1,0,12,116,3612,4296
GGGCCTATTTAAGTAT-1,0,13,117,3497,4492
GTTGTTACATTGCGCT-1,0,12,118,3386,4294
CAACTCCGTAACTTGC-1,0,13,119,3271,4490
GATCTTTGCTCAAAGA-1,0,12,120,3160,4292
TCGCTTAATTACGAAG-1,0,13,121,3045,4488
CGATCATTAGAGGCAC-1,0,12,122,2933,4290
TGTTCTCTACTCCCTA-1,0,13,123,2819,4486
GCTTAGGGAAGCGGTA-1,0,12,124,2707,4288
CAGGTTTAGTACTACA-1,0,13,125,2592,4484
AAGCGGAGTGCGCGCA-1,0,12,126,2481,4286
TCAGATGGAGACGTAG-1,0,13,127,2366,4482
TCGCACTAACGTTTGT-1,0,14,0,16725,4804
CACGTCGGGTTCTAGA-1,0,15,1,16611,5000
GGAGTACACATGAGCT-1,0,14,2,16499,4802
GTGTGTCGACGTCGCT-1,0,15,3,16384,4998
GAAGCTCTTTGCTTAG-1,0,14,4,16273,4800
ACACCGAGCGCTCTTT-1,0,15,5,16158,4996
CGTAATAATTACGAGT-1,0,14,6,16047,4798
CATCAACACCTACTAA-1,0,15,7,15932,4994
CCAAGTTTCTACAGAT-1,0,14,8,15821,4796
ACGGGTCATGTGACTT-1,0,15,9,15706,4992
AGTGTGCTAAGATCGC-1,0,14,10,15595,4794
GGCGGTTTGCCGGTGC-1,1,15,11,15480,4990
GTATAATCTCCCGGAT-1,1,14,12,15368,4792
TAGTCCGTATGCATAA-1,1,15,13,15254,4988
CACTTCGTCTTATCTC-1,1,14,14,15142,4790
CATCCGCAGGCCCGAA-1,1,15,15,15028,4986
CCCTGATGTAACTCGT-1,1,14,16,14916,4788
CCATAGTCAGTAACCC-1,1,15,17,14801,4984
CGGGCCATAGCCGCAC-1,1,14,18,14690,4787
CTCCGGCTTGTAGACA-1,1,15,19,14575,4982
AACTTGCGTTCTCGCG-1,1,14,20,14464,4785
AATGAGTTCGCATATG-1,1,15,21,14349,4980
CGAGGCCAGGCATTGG-1,1,14,22,14238,4783
TCTGCGTCCGGTTTCT-1,1,15,23,14123,4978
CAATCCTGCCGTGGAG-1,1,14,24,14012,4781
CTGAGCAAGTAACAAG-1,1,15,25,13897,4976
GGGTACCCACGGTCCT-1,1,14,26,13785,4779
ACGGAATTTAGCAAAT-1,1,15,27,13671,4974
GGGCGGTCCTATTGTC-1,1,14,28,13559,4777
ATGTTACGAGCAATAC-1,1,15,29,13444,4972
AACCATGGGATCGCTA-1,1,14,30,13333,4775
TCGCATCCCTAAGTGT-1,1,15,31,13218,4970
ACTTAGTACGACAAGA-1,1,14,32,13107,4773
GAGCTCTCGGACCTAA-1,1,15,33,12992,4968
TCTATTACGCTGGCGA-1,1,14,34,12881,4771
AGATACGACTTCATAT-1,1,15,35,12766,4966
CGCTATACCGCCCACT-1,1,14,36,12655,4769
CAGTGTCCGCAGAATG-1,1,15,37,12540,4965
CCATCCATACCAAGTC-1,1,14,38,12428,4767
AACCCAGAGACGGAGA-1,1,15,39,12314,4963
GAAGAACGGTGCAGGT-1,1,14,40,12202,4765
GATAAATCGGTGGATG-1,1,15,41,12088,4961
CAGCTCGTGCTTGTGT-1,1,14,42,11976,4763
GAGTACGGGTATACAA-1,1,15,43,11861,4959
CATCGCCCGCGGCCAA-1,1,14,44,11750,4761
TCTTACAGAGGTACCG-1,1,15,45,11635,4957
TGGAAGACGAACACCA-1,1,14,46,11524,4759
GTTGTCGTGTTAGTTG-1,1,15,47,11409,4955
CCAAGGAACAGAGAGG-1,1,14,48,11298,4757
CTGCACCTGGAACCGC-1,1,15,49,11183,4953
CGCTTTCATACCGGTG-1,1,14,50,11072,4755
GTTCTTCCCTCGATGT-1,1,15,51,10957,4951
ATTTAACTCGTATTAC-1,1,14,52,10845,4753
AACGATAGAAGGGCCG-1,1,15,53,10731,4949
TATCCTGCATGGGAAT-1,1,14,54,10619,4751
AGGCCCATTGTACAGG-1,1,15,55,10504,4947
CCGGCGCATATTGGAT-1,0,14,56,10393,4749
ATCTGTAATTGTACCC-1,1,15,57,10278,4945
GAGCGAGGGAGTACCG-1,0,14,58,10167,4747
TTATTAGGGAAGCATC-1,0,15,59,10052,4943
CTTCTTACGTCGTATA-1,0,14,60,9941,4745
GAAGTGCTGGATAGCT-1,0,15,61,9826,4941
GTGCAACAAATGTGGC-1,0,14,62,9715,4743
CATGCGTTAGACAGAA-1,0,15,63,9600,4939
ACACACTTTCTACACG-1,0,14,64,9488,4741
AGCCCTAAGCGAAGTT-1,0,15,65,9374,4937
ATTAATTCGGTCACTC-1,0,14,66,9262,4739
AACAGGAAATCGAATA-1,0,15,67,9148,4935
ACGTTTAGTTGTGATC-1,0,14,68,9036,4737
TCCTTCAGTGGTCGAA-1,0,15,69,8921,4933
CGAACGCCCAGTGCCG-1,0,14,70,8810,4735
CCTCGAAGTGGACGGG-1,0,15,71,8695,4931
CTCTGTTTGAGGATTC-1,0,14,72,8584,4733
TGGGCACGTTCTATGG-1,0,15,73,8469,4929
ACTATTCGTCCGTGGT-1,0,14,74,8358,4731
CCTCTGGCCTAGACGG-1,0,15,75,8243,4927
CCATAAACAACCCGAC-1,0,14,76,8132,4729
CATAGTACATTGAGAG-1,0,15,77,8017,4925
ATTTCATTATTTCGCG-1,0,14,78,7905,4727
CAACTATATCGAATGC-1,0,15,79,7791,4923
CTAGTATTCGGAATTA-1,0,14,80,7679,4725
GTGGAACCTACATGCG-1,0,15,81,7564,4921
CCTAAAGGCTGACGCT-1,0,14,82,7453,4723
CGTGACATTGGGTCGT-1,0,15,83,7338,4919
CCAATCGGTAGATCGA-1,0,14,84,7227,4721
ATTGTCGCAATACCTT-1,0,15,85,7112,4917
AAATTACACGACTCTG-1,0,14,86,7001,4719
CACTCCTCTCGGTCGG-1,0,15,87,6886,4915
AAATAACCATACGGGA-1,0,14,88,6775,4717
AGTTACTCTATCGTGG-1,0,15,89,6660,4913
CGTTAGCTCACAACTG-1,0,14,90,6548,4715
GAATGTATGGCAGGTC-1,0,15,91,6434,4911
GCAACCACCAGACCGG-1,0,14,92,6322,4714
TCACTCGTGCAACGGC-1,0,15,93,6208,4909
AAACAGAGCGACTCCT-1,0,14,94,6096,4712
CAGCCTCTCCTCAAGA-1,0,15,95,5981,4907
TTGCGTGAACGCTTAG-1,0,14,96,5870,4710
CCGCCTGCGAATTGGT-1,0,15,97,5755,4905
AGATGAGGGTTGCGAT-1,0,14,98,5644,4708
CGGTGGGCTCCAGCCT-1,0,15,99,5529,4903
GGCAGCGGTAATCCTA-1,0,14,100,5418,4706
GCTAGCAGGGAGTGGG-1,0,15,101,5303,4901
CTCAAGACATTAGCGC-1,0,14,102,5192,4704
CACGGCGCGCCAAAGG-1,0,15,103,5077,4899
TGCAATTTGGGCACGG-1,0,14,104,4965,4702
ATGCCAATCGCTCTGC-1,0,15,105,4851,4897
GCTGGACCCAAAGTGG-1,0,14,106,4739,4700
ATTCCTAAGACGTGGA-1,0,15,107,4624,4895
TCCGGAGGAAGGGCTG-1,0,14,108,4513,4698
TCGGTGACCGCTCCGG-1,0,15,109,4398,4894
TCCGAAGTAGTCACCA-1,0,14,110,4287,4696
CATGTAGGAGCGCCAA-1,0,15,111,4172,4892
CACAAGAAAGATATTA-1,0,14,112,4061,4694
AGGGTCAGTAACCCTA-1,0,15,113,3946,4890
TAAGCCCTTACGACCA-1,0,14,114,3835,4692
ATACCGTCATCCATAA-1,0,15,115,3720,4888
GGACGTCCATAGTTGG-1,0,14,116,3608,4690
CATCAAACTGGCGCCC-1,0,15,117,3494,4886
AAACGTGTTCGCCCTA-1,0,14,118,3382,4688
AAATTGGTGAGAAGCA-1,0,15,119,3268,4884
GGTCATTGTAGTCATA-1,0,14,120,3156,4686
TGCAGTGAGGCTCGGG-1,0,15,121,3041,4882
GAACATTAGTATGTTA-1,0,14,122,2930,4684
GGTTTGCGAACACGTA-1,0,15,123,2815,4880
ACACAAATATTCCTAG-1,0,14,124,2704,4682
TTGGGTTTATTCAGCG-1,0,15,125,2589,4878
ATTCGCAGAGGACACT-1,0,14,126,2478,4680
GATTTAGTGCGTACTG-1,0,15,127,2363,4876
TAGAAACACAATAGTG-1,0,16,0,16722,5198
CAGTAGATGATGTCCG-1,0,17,1,16607,5394
TCTTAACTCGGATGTA-1,0,16,2,16496,5196
TACATCTTGTTTCTTG-1,0,17,3,16381,5392
TTCATAGGGTGTCCAT-1,0,16,4,16270,5194
TGAAGTAGCTTACGGA-1,0,17,5,16155,5390
GCACAAGTGGATCATA-1,0,16,6,16044,5192
GGGCGAATTTCTCCAC-1,0,17,7,15929,5388
ATGTTCCTGCCCACCT-1,0,16,8,15817,5190
GCTCAACCTCTTAGAG-1,0,17,9,15703,5386
ATAGCTGCTCTTGTTA-1,0,16,10,15591,5188
CGTCAGCTATTTACTC-1,0,17,11,15476,5384
ATCTGATAGTGTCTTA-1,1,16,12,15365,5186
TGCACTATGTGAGTGC-1,1,17,13,15250,5382
CCGACAAACACATGAG-1,1,16,14,15139,5184
GCCTTGTATATGCAGT-1,1,17,15,15024,5380
ATAATACCGTTAGCCG-1,1,16,16,14913,5182
ACACTCCAATGTCACT-1,1,17,17,14798,5378
AGTTGCTGACTGATAT-1,1,16,18,14687,5180
GGCGCTCCTCATCAAT-1,1,17,19,14572,5376
TGCCTGACATCGGTCA-1,1,16,20,14460,5178
TTGGCCATCTTGCGCT-1,1,17,21,14346,5374
CAGTGGTTGCACATGA-1,1,16,22,14234,5176
AGAATTGTTTGACATA-1,1,17,23,14119,5372
AAATGCTCGTTACGTT-1,1,16,24,14008,5174
CACCTAATAGAGTCGT-1,1,17,25,13893,5370
CATTTCTAGCAGACTA-1,1,16,26,13782,5172
CCGAAAGTGGTGAGCA-1,1,17,27,13667,5368
AGTCAGCCACCGCCTG-1,1,16,28,13556,5170
TCATCACTCGAGCTCG-1,1,17,29,13441,5366
CTCAGGACTCACCTGT-1,1,16,30,13330,5168
CGGTGTACTTGATCCC-1,1,17,31,13215,5364
CCTACGGCTCAGTCGA-1,1,16,32,13104,5166
GTACTTGGGCACTTCT-1,1,17,33,12989,5362
TGATTTCCTCCTGACG-1,1,16,34,12877,5164
CCTCACCAATCTTGAC-1,1,17,35,12763,5360
GGTGAGATGCAGATAA-1,1,16,36,12651,5162
GCTAGTTTCATTGAGG-1,1,17,37,12536,5358
AGGACATCGCACGTCG-1,1,16,38,12425,5160
GTGGACGTGCTGAGAC-1,1,17,39,12310,5356
TAAGGAACTTGTGGGA-1,1,16,40,12199,5158
TCGCTGTGCGTAAATC-1,1,17,41,12084,5354
GCATCCCTAACTTTGA-1,1,16,42,11973,5156
CACCCACACGTCACCC-1,1,17,43,11858,5352
CCCTCATTCTGGAATT-1,1,16,44,11747,5154
AGGGCGTGATCGGCTA-1,1,17,45,11632,5350
GGTGCGGATAAGTGGC-1,1,16,46,11520,5152
TAATATTGAAATTCGC-1,1,17,47,11406,5348
CTTACACTGGGAAATA-1,1,16,48,11294,5150
ACCAAGAACGCGTGTC-1,1,17,49,11179,5346
GCCTTCAGCCCTACCG-1,1,16,50,11068,5148
GATGCTACAAGCGCCT-1,1,17,51,10953,5344
CCGGGACCCGCAGAGA-1,1,16,52,10842,5146
GTTCCAGTCTGACCAT-1,1,17,53,10727,5342
ATGATCGGGAATAGAC-1,1,16,54,10616,5145
TTGGATTGGGTACCAC-1,1,17,55,10501,5340
TACCTCACGCTTGTAC-1,1,16,56,10390,5143
CATGGCAGGAAGATCG-1,1,17,57,10275,5338
ATGACGCCGGCTCTAA-1,1,16,58,10164,5141
AGCGACATCCCATTCA-1,1,17,59,10049,5336
AGTAATGTCTTGCCGC-1,1,16,60,9937,5139
TTCTTAGTGGCTCAGA-1,1,17,61,9823,5334
CGTCTGGAAGGGCCCG-1,0,16,62,9711,5137
ACGTGCGCCTCGTGCA-1,1,17,63,9596,5332
AGAGCGGGCTAATCAT-1,0,16,64,9485,5135
GCGTCGAAATGTCGGT-1,0,17,65,9370,5330
AACTGATATTAGGCCT-1,0,16,66,9259,5133
CGAGCTGGGCTTTAGG-1,0,17,67,9144,5328
GGGTGTTTCAGCTATG-1,0,16,68,9033,5131
TTAATTTCAGACGCGG-1,0,17,69,8918,5326
ACTGCCGTCGTAACTC-1,0,16,70,8807,5129
GTGCACGAAAGTGACT-1,0,17,71,8692,5324
ATCTCCCTGCAATCTA-1,0,16,72,8580,5127
ACGCCAGATGATTTCT-1,0,17,73,8466,5323
AGCTATTTAATCCAAC-1,0,16,74,8354,5125
CCACGAGAAGAGAATC-1,0,17,75,8239,5321
GATTCCGCGTTTCCGT-1,0,16,76,8128,5123
GTCGGATGTAGCGCGC-1,0,17,77,8013,5319
TATTTATACCGAGTAG-1,0,16,78,7902,5121
GTAGGTGATCCGTGTA-1,0,17,79,7787,5317
AGTTAAGCGGTCCCGG-1,0,16,80,7676,5119
CTGGCGACATAAGTCC-1,0,17,81,7561,5315
TTGGCCTAGAATTTCG-1,0,16,82,7450,5117
GGCATATCGGTTCTGC-1,0,17,83,7335,5313
GGGCGTCCACTGGCTC-1,0,16,84,7223,5115
TTACCCATTGCCGGGT-1,0,17,85,7109,5311
TTAGACACGATCGTTG-1,0,16,86,6997,5113
GCGCTGATCCAGACTC-1,0,17,87,6883,5309
TTCGGCAACCCGCTGA-1,0,16,88,6771,5111
GATATTTCCTACATGG-1,0,17,89,6656,5307
CTGCGTTACGATATAA-1,0,16,90,6545,5109
TAATAAACAAGGAGAT-1,0,17,91,6430,5305
AACCTTTACGACGTCT-1,0,16,92,6319,5107
AGTCCCGCCTTTAATT-1,0,17,93,6204,5303
TGAGATTAGGCCCTAA-1,0,16,94,6093,5105
AGTGTATTGCGCATTG-1,0,17,95,5978,5301
GTTGGATTCAGTGGCT-1,0,16,96,5867,5103
TAAAGCTGCAATAGGG-1,0,17,97,5752,5299
AGTAGGAAGGAAGTTG-1,0,16,98,5640,5101
TATCACTTCGAGTAAC-1,0,17,99,5526,5297
TGATCTACGCTGATCT-1,0,16,100,5414,5099
GGATCATCCCGTACGC-1,0,17,101,5299,5295
TGACACTTCTCTTTGC-1,0,16,102,5188,5097
AGCCCTTCTAATCCGA-1,0,17,103,5073,5293
CACCGCGTCCACTCTA-1,0,16,104,4962,5095
TAATTGGAATCGGGAA-1,0,17,105,4847,5291
TCGTAAGCTCCGAGGA-1,0,16,106,4736,5093
TATATTACAAATGTCG-1,0,17,107,4621,5289
CGCGAGAGGGACTTGT-1,0,16,108,4510,5091
GGACCTACGGTAACGT-1,0,17,109,4395,5287
GAAATATGCTTGAATG-1,0,16,110,4283,5089
CCGTATTAGCGCAGTT-1,0,17,111,4169,5285
AGGCGTCTATGGACGG-1,0,16,112,4057,5087
AACATCGATACGTCTA-1,0,17,113,3943,5283
TGAATATGCTATAAAC-1,0,16,114,3831,5085
ACCAAACACCCAGCGA-1,0,17,115,3716,5281
TGGCTTGTACAAGCTT-1,0,16,116,3605,5083
GAATGAAGGTCTTCAG-1,0,17,117,3490,5279
AGATACCAGCACTTCA-1,0,16,118,3379,5081
GCGGTCCCGGTGAAGG-1,0,17,119,3264,5277
GAGGCATTTGCAGCAG-1,0,16,120,3153,5079
GGCAAGCCAGGGATAG-1,0,17,121,3038,5275
TCTACGGGCTCAGTTG-1,0,16,122,2927,5077
TCTGCGAATCGTTCGC-1,0,17,123,2812,5273
AGCTCGTTGATGGAAA-1,0,16,124,2700,5075
TGAATGAGATACAGCA-1,0,17,125,2586,5271
ACCCTTGCCTGGGTCG-1,0,16,126,2474,5074
GGCGAACCGTTCTGAT-1,0,17,127,2359,5269
GCGATGTCTGTGCTTG-1,0,18,0,16719,5591
ATTAACACCTGAGATA-1,0,19,1,16604,5787
GAAATCTGACCAAGTT-1,0,18,2,16492,5589
CCTGACAAACTCGCGC-1,0,19,3,16378,5785
ATGTCATTTCCCATTG-1,0,18,4,16266,5587
GCGGTGCGGAGCATCG-1,0,19,5,16151,5783
CGGAAAGCAAATGTGC-1,0,18,6,16040,5585
GCTGAGCAACGGTTCT-1,0,19,7,15925,5781
TCACTCTTCGTCTGTC-1,0,18,8,15814,5583
GATCTTCATTGTCCTC-1,0,19,9,15699,5779
ACTCGATGTATTTCAT-1,0,18,10,15588,5581
TGAAGAGCGGTCCTAG-1,0,19,11,15473,5777
TAAACGTCGTCAATGA-1,0,18,12,15362,5579
ACGTTATTGGTCACTC-1,0,19,13,15247,5775
ATAGCCTCAGTACCCA-1,1,18,14,15135,5577
CGGGAGTATACCGCCG-1,1,19,15,15021,5773
GTCCTACAGGCGGCTC-1,1,18,16,14909,5575
CGGATAAGCGGACATG-1,1,19,17,14795,5771
AACTTCTGCGTCTATC-1,1,18,18,14683,5574
GGGTTCAGACGAACAA-1,1,19,19,14568,5769
AGTCTGGACATCCTTG-1,1,18,20,14457,5572
TTGAACGAATCCTTTG-1,1,19,21,14342,5767
GAAATACTAAACGTTT-1,1,18,22,14231,5570
CCCGCGCAATGCACCC-1,1,19,23,14116,5765
TTCGGCTAGAGATGGT-1,1,18,24,14005,5568
GACACGAGTTAGAGGA-1,1,19,25,13890,5763
GAGGTCCCAAAGATCT-1,1,18,26,13779,5566
TAACTCCATGGAGGCT-1,1,19,27,13664,5761
CTTGTTTATGTAGCCA-1,1,18,28,13552,5564
GATGGCGCACACATTA-1,1,19,29,13438,5759
ATAATAGTGTAGGGAC-1,1,18,30,13326,5562
CGCTATTCAATGTATG-1,1,19,31,13211,5757
ATATTGCTGTCAAAGT-1,1,18,32,13100,5560
GGATTCAGTACGGTGG-1,1,19,33,12985,5755
TTCTTAGTGAACGGTG-1,1,18,34,12874,5558
AATGGTTCTCACAAGC-1,1,19,35,12759,5754
TATACACGCAAAGTAT-1,1,18,36,12648,5556
CTTCATAGCTCAAGAA-1,1,19,37,12533,5752
CAACGGTTCTTGATAC-1,1,18,38,12422,5554
ACACCCGAGAAATCCG-1,1,19,39,12307,5750
TCTATCATGCAGTTAC-1,1,18,40,12195,5552
CCCGCCATGCTCCCGT-1,1,19,41,12081,5748
CGCTTCCACTGAAATC-1,1,18,42,11969,5550
CACTGTCCAAGTGAGA-1,1,19,43,11855,5746
ATTACTAGCCTCTTGC-1,1,18,44,11743,5548
CATAGTAGCATAGTAG-1,1,19,45,11628,5744
CAACTCCTTGATCCCG-1,1,18,46,11517,5546
AAGTAGAAGACCGGGT-1,1,19,47,11402,5742
GCGGGAACCAGGCCCT-1,1,18,48,11291,5544
ATTAGATTGATAGCGG-1,1,19,49,11176,5740
CTCGGTCCGTAGCCTG-1,1,18,50,11065,5542
TGGCTTTGGGTAGACA-1,1,19,51,10950,5738
TATCCATATCATGCGA-1,1,18,52,10839,5540
GGAGTGCCGCCCTGGA-1,1,19,53,10724,5736
TGAGAATGCTTTACCG-1,1,18,54,10612,5538
TTAACCAACCCTCCCT-1,1,19,55,10498,5734
TGTTTCGGTACTTCTC-1,1,18,56,10386,5536
TTGCTGAAGGAACCAC-1,1,19,57,10271,5732
TATTTAGTCTAGATCG-1,1,18,58,10160,5534
CTCCGGCCTAATATGC-1,1,19,59,10045,5730
TTGTGGCCCTGACAGT-1,1,18,60,9934,5532
TCGCCGGTCGATCCGT-1,1,19,61,9819,5728
CCATAGGTTGGCGTGG-1,1,18,62,9708,5530
GAACGACCGAATGATA-1,1,19,63,9593,5726
TCCGATAATTGCCATA-1,1,18,64,9482,5528
CATTACGTCGGCCCGT-1,1,19,65,9367,5724
CAAGCACCAAATGCCT-1,0,18,66,9255,5526
TGCATGGATCGGATCT-1,1,19,67,9141,5722
GAAATCGCGCGCAACT-1,0,18,68,9029,5524
CTGAAAGAGATCCGAC-1,0,19,69,8915,5720
CACCTCGATGGTGGAC-1,0,18,70,8803,5522
ATTTGTTCCAGGGCTC-1,0,19,71,8688,5718
TGGGCCACAAGAGCGC-1,0,18,72,8577,5520
CCTTCTTGATCCAGTG-1,0,19,73,8462,5716
CCTCGCCAGCAAATTA-1,0,18,74,8351,5518
TTCATGGCGCAACAGG-1,0,19,75,8236,5714
TTAATCAGTACGTCAG-1,0,18,76,8125,5516
CCTATCTATATCGGAA-1,0,19,77,8010,5712
ATTATACTTTGCTCGT-1,0,18,78,7899,5514
ATGGATCCGGCGTCCG-1,0,19,79,7784,5710
CGCCCGCTTCCGTACA-1,0,18,80,7672,5512
GGATTCCGCTATACCC-1,0,19,81,7558,5708
CGGTCTATCAACCCGT-1,0,18,82,7446,5510
ATGCCGGTTGATGGGA-1,0,19,83,7331,5706
TCATGCAGGTTCTCAT-1,0,18,84,7220,5508
TGAGCTTTAATGACGC-1,0,19,85,7105,5704
TCCCTTAGATTACTCG-1,0,18,86,6994,5506
ATATCTCCCTCGTTAA-1,0,19,87,6879,5702
AGCTCTTCCCAGTGCA-1,0,18,88,6768,5504
TCGCTAAACCGCTATC-1,0,19,89,6653,5700
CACATTCTTTCGATGG-1,0,18,90,6542,5503
GATATGCGGTAGCCAA-1,0,19,91,6427,5698
CGTTTCACTTCGGGCG-1,0,18,92,6315,5501
CCAATTACGGGTCGAG-1,0,19,93,6201,5696
GCAGGTAGAGTATGGT-1,0,18,94,6089,5499
GTCGTATTGGCGTACA-1,0,19,95,5974,5694
GAAATTAGCACGGATA-1,0,18,96,5863,5497
AATGCACCAAGCAATG-1,0,19,97,5748,5692
AGGACGCTCGATGTTG-1,0,18,98,5637,5495
GGCTAAAGGGCGGGTC-1,0,19,99,5522,5690
CATCTATCCCGTGTCT-1,0,18,100,5411,5493
CAGTAACTATTTATTG-1,0,19,101,5296,5688
CATATACTACTGATAA-1,0,18,102,5185,5491
GCGTTCGGAGACCGGG-1,0,19,103,5070,5686
AAGTTCAGTCTGCGTA-1,0,18,104,4959,5489
CGAAGCTATAAATTCA-1,0,19,105,4844,5684
CGCGGTCACAAACCAA-1,0,18,106,4732,5487
GGGAATGAGCCCTCAC-1,0,19,107,4618,5683
ACGGAGCGCAAATTAC-1,0,18,108,4506,5485
CGTTCTTCGCACACCT-1,0,19,109,4391,5681
GAATAGCCCTGCGGTC-1,0,18,110,4280,5483
AATAGCTACCGCGTGC-1,0,19,111,4165,5679
CCGAGCTGTGCTTGTC-1,0,18,112,4054,5481
GATGACGATGATCGCG-1,0,19,113,3939,5677
GCCTATGCTGGGCCTT-1,0,18,114,3828,5479
TTACTGTCTAGAGCTC-1,0,19,115,3713,5675
AGCGGTTGCCGCTCTG-1,0,18,116,3602,5477
GCTTGCAGCACAATTG-1,0,19,117,3487,5673
CCGGAGGTCTTATGGT-1,0,18,118,3375,5475
ACAGTATACCGTGGGA-1,0,19,119,3261,5671
GGGATCCCAATACAAA-1,0,18,120,3149,5473
ATTACGACTCCACAGT-1,0,19,121,3034,5669
CTCACACGCAAGCCTA-1,0,18,122,2923,5471
CCAGATGTAAATGGGT-1,0,19,123,2808,5667
GAACTTGTGCACGGGA-1,0,18,124,2697,5469
AAGCCGCTTTACCTTG-1,0,19,125,2582,5665
TCCATTCCCACTAGAG-1,0,18,126,2471,5467
AGAGCGCTTGTAACGG-1,0,19,127,2356,5663
TGGGTTCCCGGACGGA-1,0,20,0,16715,5985
GCTGCGCCTCCCACGT-1,0,21,1,16600,6181
CTGTTGGCTCTTCTGA-1,0,20,2,16489,5983
TTGTTCTAGATACGCT-1,0,21,3,16374,6179
CCCTCAAGCTCTTAGT-1,0,20,4,16263,5981
TGGTCTAGCTTACATG-1,0,21,5,16148,6177
ATGCACCTTCCTTAAT-1,0,20,6,16037,5979
GGGATACGGTAATAAT-1,0,21,7,15922,6175
AGTTCACCGGTTGGAC-1,0,20,8,15811,5977
GACATACTGTCGCAGA-1,0,21,9,15696,6173
TGGACACCGTTGCTTG-1,0,20,10,15584,5975
TGCGATGCTAATGGCT-1,0,21,11,15470,6171
TTCTGTTTCCTGTCGC-1,0,20,12,15358,5973
CGTTGTAAACGTCAGG-1,0,21,13,15243,6169
GATCGGCGATAAGTCG-1,0,20,14,15132,5971
AGCCTTAAAGCGGAAG-1,0,21,15,15017,6167
TCCGTAACCACAATCC-1,1,20,16,14906,5969
GAATGCCGAAATGACC-1,1,21,17,14791,6165
TATACTCATGCGGCAA-1,1,20,18,14680,5967
TAGTGTCAGAAACGGC-1,1,21,19,14565,6163
CGTCATACCATATCCA-1,1,20,20,14454,5965
TAGTACCTTAGTGGTC-1,1,21,21,14339,6161
CTGGCGGGAATAAGTA-1,1,20,22,14227,5963
AGTGTGGTCTATTGTG-1,1,21,23,14113,6159
GCTATCGCGGCGCAAC-1,1,20,24,14001,5961
CAGTAATCCCTCCCAG-1,1,21,25,13886,6157
GTATTAAGGCGTCTAA-1,1,20,26,13775,5959
CTAATTTCAACAACAC-1,1,21,27,13660,6155
TTAGCAACATGGATGT-1,1,20,28,13549,5957
ATGCTCAGTGTTGCAT-1,1,21,29,13434,6153
GATGTTTGTGCGAGAT-1,1,20,30,13323,5955
CACTTCGCCACAGGCT-1,1,21,31,13208,6151
CTGTATGGTGTAGAAA-1,1,20,32,13097,5953
TACGTGCACTATGCTG-1,1,21,33,12982,6149
GTATCAGCTTGGGTTC-1,1,20,34,12870,5951
TAACAAAGGGAGAAGC-1,1,21,35,12756,6147
TTACATCGTGGCCTGG-1,1,20,36,12644,5949
TCTGAACCGGTCGGCT-1,1,21,37,12530,6145
GGCTCGTGCCACCAGC-1,1,20,38,12418,5947
TATAAGTGAGGATAGC-1,1,21,39,12303,6143
GCCCGCGCGTTTGACA-1,1,20,40,12192,5945
TGCTGGTTGGACAATT-1,1,21,41,12077,6141
GCCTAGCGATCTGACC-1,1,20,42,11966,5943
CCATGCTCTGCAGGAA-1,1,21,43,11851,6139
TATAAATCCACAAGCT-1,1,20,44,11740,5941
CGCTCGACATAATGAT-1,1,21,45,11625,6137
CCAATTGAATGTTAAT-1,1,20,46,11514,5939
GCTAATACCGAATGCC-1,1,21,47,11399,6135
TTCAACGACCCGACCG-1,1,20,48,11287,5937
TTCCTCGAGGGTGTCT-1,1,21,49,11173,6133
CAACGACCCGTTTACA-1,1,20,50,11061,5935
CTTGTACTTGTTGACT-1,1,21,51,10946,6131
TCTCTAATAGCTGGTA-1,1,20,52,10835,5934
ATTATGCCATAGGGAG-1,1,21,53,10720,6129
GACAACGCAGCTTACG-1,1,20,54,10609,5932
AGATGACTCGCCCACG-1,1,21,55,10494,6127
GTGCGGGTCTCCAAAT-1,1,20,56,10383,5930
GTACGAGATTGCGACA-1,1,21,57,10268,6125
GTATAGGACTCAGTAG-1,1,20,58,10157,5928
TTGCACGGAGCAGCAC-1,1,21,59,10042,6123
CACAGCTAGGGAGTGA-1,1,20,60,9930,5926
ATACTAGCATGACCCT-1,1,21,61,9816,6121
CCAAGACTTCTGCGAA-1,1,20,62,9704,5924
ACATAATAAGGCGGTG-1,1,21,63,9590,6119
TAATACACAGTAGTAT-1,1,20,64,9478,5922
TCTTGGTAACACCAAA-1,1,21,65,9363,6117
AACTGGGTCCCGACGT-1,1,20,66,9252,5920
ATCACTTCATCCTCGC-1,1,21,67,9137,6115
TGGAAGGATAAAGATG-1,1,20,68,9026,5918
CATGATGCACAATTCT-1,1,21,69,8911,6113
TGCCTGATCAAACGAT-1,0,20,70,8800,5916
ATAGGGATATCCTTGA-1,1,21,71,8685,6112
CACCTAATCAGTTTAC-1,0,20,72,8574,5914
TGTGACTACGCCAGTC-1,0,21,73,8459,6110
CCCGACCATAGTCCGC-1,0,20,74,8347,5912
CGCGCCCGACTTAATA-1,0,21,75,8233,6108
TGCCACCTGGCGAAAC-1,0,20,76,8121,5910
CTGCCAAGGTTGGAAG-1,0,21,77,8006,6106
TCTCCAACGTAGGTTA-1,0,20,78,7895,5908
TTCTTGGAGTAATGAG-1,0,21,79,7780,6104
GTCTCGATCTGCTTTC-1,0,20,80,7669,5906
TACTCTCCGAACAAAT-1,0,21,81,7554,6102
ATCACATTAGAATATC-1,0,20,82,7443,5904
TACGGGATGCTAGCAG-1,0,21,83,7328,6100
AGCTGAAGTAAACCAA-1,0,20,84,7217,5902
CATGGGTCGGGTGTGG-1,0,21,85,7102,6098
CACCCACGAGGCAATT-1,0,20,86,6990,5900
TGCCATTACTAAAGAA-1,0,21,87,6876,6096
CCGTTACGTTAGAACA-1,0,20,88,6764,5898
GCCAGGAGTAACCGAT-1,0,21,89,6650,6094
GGAAAGTGCCCATGCC-1,0,20,90,6538,5896
TCTTACCGGAACTCGT-1,0,21,91,6423,6092
TATGTCAAGACCGACT-1,0,20,92,6312,5894
CCTAACTAAGGCTCTA-1,0,21,93,6197,6090
GCGGTGAACTGCGCTC-1,0,20,94,6086,5892
CCTCGCGCGATATAGG-1,0,21,95,5971,6088
ATCGGCAAGCAGTCCA-1,0,20,96,5860,5890
AGATCGTGCATAAGAT-1,0,21,97,5745,6086
ATTCAGGACCTATTTC-1,0,20,98,5634,5888
AGCTAGAAGCAGAAGT-1,0,21,99,5519,6084
TTCGCTATCTGACGTG-1,0,20,100,5407,5886
TTCCGCAGAGAAATAT-1,0,21,101,5293,6082
CAGTACATTCTCTAAA-1,0,20,102,5181,5884
GTGAAGATTTCAAGTG-1,0,21,103,5066,6080
AACGCATGATCTGGGT-1,0,20,104,4955,5882
CCCAGAGGAGGGCGTA-1,0,21,105,4840,6078
GGAAACCTTGTTGAAT-1,0,20,106,4729,5880
GTGAAGCCGTATAGTC-1,0,21,107,4614,6076
GAGCTGTCGTCTCGGA-1,0,20,108,4503,5878
TGTCATTTGTTGGGAA-1,0,21,109,4388,6074
ACCAACACCACACACT-1,0,20,110,4277,5876
AAATGATTCGATCAGC-1,0,21,111,4162,6072
CTGCTTTATGTCCGCG-1,0,20,112,4050,5874
GCGAGAGGCCATGTAA-1,0,21,113,3936,6070
ATTGACCGGCGATGAC-1,0,20,114,3824,5872
ACCCTGGTAACGCCCT-1,0,21,115,3710,6068
GTTGGACCGCATCAGG-1,0,20,116,3598,5870
CGTTTACAAGGCAGCT-1,0,21,117,3483,6066
CGGTCCATGAGACTCC-1,0,20,118,3372,5868
GTTCGTCTGGGTCCCT-1,0,21,119,3257,6064
TGTACTACTCTCACGG-1,0,20,120,3146,5866
AGTGAAGATGGTGTCC-1,0,21,121,3031,6062
GAGGGCCATAATATTA-1,0,20,122,2920,5864
ACTCCCGTAGACTAGG-1,0,21,123,2805,6060
CGTCAAATGGTCGCAG-1,0,20,124,2694,5862
AAGTCTAGTAGCTGCC-1,0,21,125,2579,6058
AAGAAATCACCAGATT-1,0,20,126,2467,5861
GAGTGCACGGACAACA-1,0,21,127,2353,6056
GTTCAAATCAGATGTC-1,0,22,0,16712,6378
CATGGCTCCCTATGTC-1,0,23,1,16597,6574
GGCCACACGAAAGCCT-1,0,22,2,16486,6376
GAAGCCGGGTAAGCTC-1,0,23,3,16371,6572
TTGCGCTCTCTCGCTT-1,0,22,4,16259,6374
TACATGACCTTATCCG-1,0,23,5,16145,6570
GTCCTTCTACAACCCA-1,0,22,6,16033,6372
TATATGCTGGGTTGCC-1,0,23,7,15918,6568
GTTTATGGGATTTAGA-1,0,22,8,15807,6370
GGAACCCGAACAAGAA-1,0,23,9,15692,6566
AACGTTATCAGCACCT-1,0,22,10,15581,6368
CATCGTCCGGTTACTA-1,0,23,11,15466,6564
AGACAGCTCAGAATCC-1,0,22,12,15355,6366
GCAGATCCTCGCAAAT-1,0,23,13,15240,6562
GGGTCATGCGTACCAT-1,0,22,14,15129,6364
CTGGTCATTCCAATCC-1,0,23,15,15014,6560
TCAGGGCGCAAACTCG-1,0,22,16,14902,6363
GATGCCAGCAGAAGGC-1,0,23,17,14788,6558
GTTATTAACGTGGGAG-1,1,22,18,14676,6361
AATACAATGTTTCAGG-1,1,23,19,14562,6556
TTGCTGCACCTATCCA-1,1,22,20,14450,6359
CCAGAGACAAAGCCGG-1,1,23,21,14335,6554
CCGAAGTATATTGTTC-1,1,22,22,14224,6357
GCTAAACCTGAGGTGA-1,1,23,23,14109,6552
TCATACTTACAGATCC-1,1,22,24,13998,6355
CGAGCACTTCAAGTTT-1,1,23,25,13883,6550
TAGCAACCTGTCACAA-1,1,22,26,13772,6353
TGGGAAATGCCTTTCC-1,1,23,27,13657,6548
AGACCATGGGATACAA-1,1,22,28,13546,6351
TAAATGAATCCGTTTC-1,1,23,29,13431,6546
ACAACGGTCCCTGCGA-1,1,22,30,13319,6349
GTCACTCTCCAAATCT-1,1,23,31,13205,6544
TTCTACTTGCGAGGGC-1,1,22,32,13093,6347
CGCAATTACTTTCGGT-1,1,23,33,12978,6543
CTGTTCATCTCACGGG-1,1,22,34,12867,6345
TTCTTGTAACCTAATG-1,1,23,35,12752,6541
GCTTGATGATAATCAG-1,1,22,36,12641,6343
TTGGCTCGCATGAGAC-1,1,23,37,12526,6539
GCCCAGTTGGTATGCC-1,1,22,38,12415,6341
ATTCCTCCGCCAGTGC-1,1,23,39,12300,6537
TCGTCCGCTGGCGTCT-1,1,22,40,12189,6339
GGAGAAGTCATTGGCA-1,1,23,41,12074,6535
TTGTTAGCAAATTCGA-1,1,22,42,11962,6337
TCTAGCATCTTCGATG-1,1,23,43,11848,6533
TTCTAGGCCAATTGTG-1,1,22,44,11736,6335
TCACGGTCATCGCACA-1,1,23,45,11621,6531
ATGAAGCCAAGGAGCC-1,1,22,46,11510,6333
AATGACTGTCAGCCGG-1,1,23,47,11395,6529
CCAAACAGAACCCTCG-1,1,22,48,11284,6331
TATCGATGATTAAACG-1,1,23,49,11169,6527
GAACACACATCAACCA-1,1,22,50,11058,6329
CCCGTCAGCGTCTGAC-1,1,23,51,10943,6525
AGCATCGTCGATAATT-1,1,22,52,10832,6327
GACTAAGATCATGCAC-1,1,23,53,10717,6523
TAGGGTGTTTCAAGAG-1,1,22,54,10606,6325
TGGTTCGTAGCAAAGG-1,1,23,55,10491,6521
CTGTTCACTGCCTGTG-1,1,22,56,10379,6323
ATGTGCATCCGACGCA-1,1,23,57,10265,6519
TTGTCGTTCAGTTACC-1,1,22,58,10153,6321
CGGGATCAATGTAAGA-1,1,23,59,10038,6517
TTATCTGTATCATAAC-1,1,22,60,9927,6319
ATCGACTCTTTCCGTT-1,1,23,61,9812,6515
CTCATTTGATGGGCGG-1,1,22,62,9701,6317
GTAAGCGGGCAGTCAG-1,1,23,63,9586,6513
TCTATCGGTCGCAACA-1,1,22,64,9475,6315
AACGCGGTCTCCAGCC-1,1,23,65,9360,6511
ATTAATACTACGCGGG-1,1,22,66,9249,6313
CTTTAACTTTCAAAGG-1,1,23,67,9134,6509
CGTACCTGATAGGCCT-1,1,22,68,9022,6311
GAATGTTGGGTAATCT-1,1,23,69,8908,6507
TGCGGAGTAAAGGTGC-1,1,22,70,8796,6309
CCTGAATATTTACATA-1,1,23,71,8681,6505
TTGCTCCCATACCGGA-1,1,22,72,8570,6307
CCTCTAATCTGCCAAG-1,1,23,73,8455,6503
AGGTTGAGGCACGCTT-1,0,22,74,8344,6305
TCCCGTCAGTCCCGCA-1,1,23,75,8229,6501
TCCGATGACTGAGCTC-1,1,22,76,8118,6303
CAGCCTCCTGCAGAGG-1,0,23,77,8003,6499
CTTAGCCTTCCACATG-1,0,22,78,7892,6301
ATTAATGAACCAGTCG-1,0,23,79,7777,6497
ACGATACATAGAACTA-1,0,22,80,7666,6299
AGCCACTCCCGTGCTT-1,0,23,81,7551,6495
ATACGGGTTTCGATTG-1,0,22,82,7439,6297
CTGTCAAATGGCTCGG-1,0,23,83,7325,6493
GCTCGGAATTTAAAGC-1,0,22,84,7213,6295
TAGGCATGTTACGCCA-1,0,23,85,7098,6491
TGGCAACTCGCGCGCC-1,0,22,86,6987,6293
ATCAGTAGGCAGGGAT-1,0,23,87,6872,6489
TATCGATCTATGCATA-1,0,22,88,6761,6292
CGACTCAGGATGTTAT-1,0,23,89,6646,6487
GCCATATTGCACACAG-1,0,22,90,6535,6290
AATTCATAAGGGATCT-1,0,23,91,6420,6485
CGGTAGAGGTGCAGGT-1,0,22,92,6309,6288
AATGATGATACGCTAT-1,0,23,93,6194,6483
CTTGTGCTCACCGATT-1,0,22,94,6082,6286
TTCCAATCAGAGCTAG-1,0,23,95,5968,6481
CGATGGACCCTACGCC-1,0,22,96,5856,6284
GGTCGGATAAACGGCG-1,0,23,97,5741,6479
TTAGCTAATACGATCT-1,0,22,98,5630,6282
CTCGATATTTGCGAGC-1,0,23,99,5515,6477
ATTACTTACTGGGCAT-1,0,22,100,5404,6280
CTAGCCGATGTTATGA-1,0,23,101,5289,6475
TACTGCAATCAATTAC-1,0,22,102,5178,6278
TAGTCTGTGACGTTGC-1,0,23,103,5063,6473
CTCGTTTCTAATGTTT-1,0,22,104,4952,6276
TTCGTTCAACGAAGTT-1,0,23,105,4837,6471
CTGAATTTATTGCCAG-1,0,22,106,4725,6274
TGGAATATCCTTGACC-1,0,23,107,4611,6470
CAGATCATTTAAAGTC-1,0,22,108,4499,6272
CTCCTTTACGCAAGTC-1,0,23,109,4385,6468
TCCCAAACAGACAACG-1,0,22,110,4273,6270
ATCGCTGCGTGCAGCA-1,0,23,111,4158,6466
TTAGTTCAAGTGTTCG-1,0,22,112,4047,6268
AAACTCGTGATATAAG-1,0,23,113,3932,6464
TTAACGAACAAGCAGT-1,0,22,114,3821,6266
GTTATATCAGGAGCCA-1,0,23,115,3706,6462
CAAATTGGATTATGCC-1,0,22,116,3595,6264
CGAGGAGCTTCCATAT-1,0,23,117,3480,6460
GGAGACCAATGTGCTT-1,0,22,118,3369,6262
CATTGATGAACACGCC-1,0,23,119,3254,6458
GTCAATGCTATAATTT-1,0,22,120,3142,6260
ACCACCCTCTCTTCTA-1,0,23,121,3028,6456
TGGAGGGAAACACCTC-1,0,22,122,2916,6258
CACGGACGTGGATGGC-1,0,23,123,2801,6454
AACTTTCTCGATCATG-1,0,22,124,2690,6256
CGTATTGTTTCCTAAT-1,0,23,125,2575,6452
CCTACTGCGGCGGCCA-1,0,22,126,2464,6254
CTTAGGTCCCAATCGT-1,0,23,127,2349,6450
CGCAATCGATCATTAG-1,0,24,0,16708,6772
TGGTTATGCTTGCGGT-1,0,25,1,16593,6968
GGCTTGGCTCTCACCT-1,0,24,2,16482,6770
ATTGGTAGGATCCGCT-1,0,25,3,16367,6966
TCAGGGCGACTTCCTT-1,0,24,4,16256,6768
TCTGCAGATTCGAGTC-1,0,25,5,16141,6964
CTCTCGCTGTACTATG-1,0,24,6,16030,6766
AATAGTCGCGAGTCGG-1,0,25,7,15915,6962
AGTTACCCTTAAGACT-1,0,24,8,15804,6764
CTTAAATAAGACCCAT-1,0,25,9,15689,6960
GGTTGTGCTCTTGTCC-1,0,24,10,15577,6762
GTGAGTCTAAGACGGA-1,0,25,11,15463,6958
CGCGACACTGCGCAGC-1,0,24,12,15351,6760
GCTCGCGGTTCCGCTC-1,0,25,13,15237,6956
TTAACTCACGCGTGGA-1,0,24,14,15125,6758
GGAACGGCCTGCAGCC-1,0,25,15,15010,6954
GTAGAAACGGGTGGAG-1,0,24,16,14899,6756
TAATGAAAGACCCTTG-1,0,25,17,14784,6952
AGGCTTGCTAGACACC-1,0,24,18,14673,6754
TTGCGTAGTTTGAGGA-1,0,25,19,14558,6950
CGCCCTTGAAGGCTGA-1,1,24,20,14447,6752
CCCGGTGGAAGAACCT-1,1,25,21,14332,6948
TTAACACCTCGAACAT-1,1,24,22,14221,6750
GATTCCTATACGGCGC-1,1,25,23,14106,6946
TTACCCTAACAGTCCT-1,1,24,24,13994,6748
ACCCACCTACATGCTC-1,1,25,25,13880,6944
AAAGGGCAGCTTGAAT-1,1,24,26,13768,6746
CACACAGGGATAGATT-1,1,25,27,13653,6942
AGAGCGTACAAGCTCG-1,1,24,28,13542,6744
TCTTACGGCATCCGAC-1,1,25,29,13427,6940
GCCTATTCCGATATAG-1,1,24,30,13316,6742
GAAAGTGACTAACTGC-1,1,25,31,13201,6938
CCGGAATGGTTTCAGT-1,1,24,32,13090,6740
AGTATAATACTAGGCA-1,1,25,33,12975,6936
TAACTATCGAAGGTCC-1,1,24,34,12864,6738
ATGAGGAGTGTTAATC-1,1,25,35,12749,6934
TGTGTCGCGAGTTGCA-1,1,24,36,12637,6736
ATCCAACGCAGTCATA-1,1,25,37,12523,6932
AAGGCGCGTAAAGCTT-1,1,24,38,12411,6734
AGTCGGCCCAAACGAC-1,1,25,39,12297,6930
AACGTCAGACTAGTGG-1,1,24,40,12185,6732
ACTACCAGCTCTCTGG-1,1,25,41,12070,6928
GCAAGTGCACAGAGAA-1,1,24,42,11959,6730
ACACCTTAAGTAGGGC-1,1,25,43,11844,6926
TTCGACGGGAAGGGCG-1,1,24,44,11733,6728
TTCGCACTCGCGTGCT-1,1,25,45,11618,6924
TATTTGTTACCCTTTA-1,1,24,46,11507,6726
CGCTGTGACGCCGCAC-1,1,25,47,11392,6922
GTTGCACGGAGTTTCG-1,1,24,48,11281,6724
GTTTCCTGGAGGGTGA-1,1,25,49,11166,6920
ACACCCAGCATGCAGC-1,1,24,50,11054,6722
TCAACCATGTTCGGGC-1,1,25,51,10940,6918
TTACAACTACGCATCC-1,1,24,52,10828,6721
TCCGATGGTGCGACAT-1,1,25,53,10713,6916
GGGCGTACATTTATAT-1,1,24,54,10602,6719
AGCGACCAACGATATT-1,1,25,55,10487,6914
ACACAAAGACGGGTGG-1,1,24,56,10376,6717
ATCGCACGCCGGGAGA-1,1,25,57,10261,6912
GCTCTAAACCCTGACG-1,1,24,58,10150,6715
AATGCAACCGGGTACC-1,1,25,59,10035,6910
TCAAACAACCGCGTCG-1,1,24,60,9924,6713
TATGCTCCCTACTTAC-1,1,25,61,9809,6908
AAAGGGATGTAGCAAG-1,1,24,62,9697,6711
ACGATCATACATAGAG-1,1,25,63,9583,6906
TTGTTCAGTGTGCTAC-1,1,24,64,9471,6709
ATGCATGATCCAGGAT-1,1,25,65,9357,6904
AGTCTTCTCCTCAAAT-1,1,24,66,9245,6707
GATTCCCTTGTCGCAG-1,1,25,67,9130,6902
CTCGCACCTATATAGT-1,1,24,68,9019,6705
ACTCAATAAAGGCACG-1,1,25,69,8904,6901
AACCGAGCTTGGTCAT-1,1,24,70,8793,6703
TAAGGCAACATAAGAT-1,1,25,71,8678,6899
CACGCACAGCGCAGCT-1,1,24,72,8567,6701
GGTTTACAATCTCAAT-1,1,25,73,8452,6897
TGCAGGATCGGCAAAG-1,1,24,74,8341,6699
ATAACGGAGTCCAACG-1,1,25,75,8226,6895
AACGATATGTCAACTG-1,1,24,76,8114,6697
GACAACGACCATTGAA-1,1,25,77,8000,6893
TTGACCATGTTCTCCG-1,1,24,78,7888,6695
AGTACGGGCACCTGGC-1,1,25,79,7773,6891
CGCCATCCGATTATGA-1,0,24,80,7662,6693
AAGGTATCCTAATATA-1,0,25,81,7547,6889
TGTTGTCAAGAAGTCT-1,0,24,82,7436,6691
CAGTGAATAAATGACT-1,0,25,83,7321,6887
CACCTTGCGAAACTCG-1,0,24,84,7210,6689
CATTTAGCGGACCATG-1,0,25,85,7095,6885
CCAGTCTAGACGGCGC-1,0,24,86,6984,6687
TCGCTTTAAACGTTTG-1,0,25,87,6869,6883
GTGAAACGGCGCCACC-1,0,24,88,6757,6685
GGGCTCATCGAACCCA-1,0,25,89,6643,6881
TTGATGTGTAGTCCCG-1,0,24,90,6531,6683
CAGTAGCCCACGCGGT-1,0,25,91,6417,6879
AGCGCGGGTGCCAATG-1,0,24,92,6305,6681
TAATCGATCCGTACGT-1,0,25,93,6190,6877
AGTGGCGGCAATTTGA-1,0,24,94,6079,6679
CCTTTCAATGAAGAAA-1,0,25,95,5964,6875
CTCAGTCACGACAAAT-1,0,24,96,5853,6677
ATAGGCTAGCTTCGCA-1,0,25,97,5738,6873
CGGTTCAAGTAGGTGT-1,0,24,98,5627,6675
CAGTCGAGGATGCAAT-1,0,25,99,5512,6871
TATCACCCAACCGACC-1,0,24,100,5401,6673
AATGATGCGACTCCTG-1,0,25,101,5286,6869
TGGAACCACTGACACA-1,0,24,102,5174,6671
GCCAATAGGGCATCTC-1,0,25,103,5060,6867
TTCTTTGGTCGCGACG-1,0,24,104,4948,6669
ATTAGATTCCTCAGCA-1,0,25,105,4833,6865
CCGTGGAACGATCCAA-1,0,24,106,4722,6667
GGGTCGTGGCAAGTGT-1,0,25,107,4607,6863
TCGCTCGGCACCAGCG-1,0,24,108,4496,6665
ACGCAATCACTACAGC-1,0,25,109,4381,6861
CTCTAATGCATTGATC-1,0,24,110,4270,6663
GTCTCGACTAAGTTTG-1,0,25,111,4155,6859
TGGTTTAAACGTGGGT-1,0,24,112,4044,6661
CGCAGATCTTCACCCG-1,0,25,113,3929,6857
TCCAGATGTACGCCAA-1,0,24,114,3817,6659
CATTGCGGGTCAATTC-1,0,25,115,3703,6855
GACGTTCGTAAATACA-1,0,24,116,3591,6657
TACACCGTCGTTAGTC-1,0,25,117,3476,6853
ACGGGCGTATGCGACA-1,0,24,118,3365,6655
GAAGGCTACCATTGTT-1,0,25,119,3250,6851
TAAATCTTTACACCTC-1,0,24,120,3139,6653
AGTTTATGTAAAGACA-1,0,25,121,3024,6849
AGGAGACATCCACAGT-1,0,24,122,2913,6651
CAACCTGAACCTGCCA-1,0,25,123,2798,6847
AGTCCCTCGCAGAAAG-1,0,24,124,2687,6650
TGTATACGGATGATGA-1,0,25,125,2572,6845
TTGTGGTATAGGTATG-1,0,24,126,2461,6648
TCTGCACCATTAGTAA-1,0,25,127,2346,6843
AAATGTATCTTATCCC-1,0,26,0,16705,7165
ACTCTAAACCTGGGAT-1,0,27,1,16590,7361
GCTGGCAGGTGCCGTG-1,0,26,2,16479,7163
CTCATTCGTGAACATC-1,0,27,3,16364,7359
TCGCCGGATGGGCAAG-1,0,26,4,16253,7161
GGACTAAGTCAGGAGT-1,0,27,5,16138,7357
TATCAAAGGTCTGTAA-1,0,26,6,16026,7159
TTCAGTTTGTGGCAGC-1,0,27,7,15912,7355
TGTTCATAAATGTGCT-1,0,26,8,15800,7157
CTTAGCCCGGATAGTG-1,0,27,9,15685,7353
GATGCGAATGGTATTA-1,0,26,10,15574,7155
TCTAACTGTATGTAAA-1,0,27,11,15459,7351
TTAAACCTGGTTCCTT-1,0,26,12,15348,7153
GCTAAGTAAAGGCGAT-1,0,27,13,15233,7349
AGTTACCGCACATGGT-1,0,26,14,15122,7152
GACTGCGGCACGTGTA-1,0,27,15,15007,7347
TGGTGATCGTATTTGT-1,0,26,16,14896,7150
TTATCGCCTGCGAAGC-1,0,27,17,14781,7345
TGGAATTAGACGCTTT-1,0,26,18,14669,7148
TCGTCACACTGTTAGC-1,0,27,19,14555,7343
TTATGTTTGCGATAGA-1,0,26,20,14443,7146
GGTGCTGATCACAAAG-1,0,27,21,14328,7341
CATAGCCGCCCGGGAT-1,1,26,22,14217,7144
GGTTAGTTACGGCGCC-1,1,27,23,14102,7339
ATTCCCACATAAACAA-1,1,26,24,13991,7142
ATTCAGTAGCAGGGTC-1,1,27,25,13876,7337
CAGTTCCGCGGGTCGA-1,1,26,26,13765,7140
AAGAGATGAATCGGTA-1,1,27,27,13650,7335
CGCAATTCTACAATAA-1,1,26,28,13539,7138
TAACGCTTTGAGAGCG-1,1,27,29,13424,7333
AGGCTATGGTTAGCTT-1,1,26,30,13313,7136
GAGGAATGGAGAGGTT-1,1,27,31,13198,7331
TCCTCTACGAGATGGC-1,1,26,32,13086,7134
TTGATTATGCAGATGA-1,1,27,33,12972,7330
TCAGTACTGACCCGCG-1,1,26,34,12860,7132
TTATGACAAACTGGAT-1,1,27,35,12745,7328
GTAAGTAGGGTATACC-1,1,26,36,12634,7130
CGCAAACACGAGTTAC-1,1,27,37,12519,7326
TGGCCGTATATTGACC-1,1,26,38,12408,7128
ACTGTAGCACTTTGGA-1,1,27,39,12293,7324
GCTCTATGTTACGTGC-1,1,26,40,12182,7126
TGCGCGATTAACGGAG-1,1,27,41,12067,7322
GAATCGACATGGTCAC-1,1,26,42,11956,7124
GACTAAGTAGGCTCAC-1,1,27,43,11841,7320
ATCTTGACCTGCAACG-1,1,26,44,11729,7122
ATGCACTACCGCATTG-1,1,27,45,11615,7318
CAGATACTAACATAGT-1,1,26,46,11503,7120
GATCGACACTATCTGA-1,1,27,47,11388,7316
ATAGAGTACTGGGACA-1,1,26,48,11277,7118
CCTACTGCTTACACTT-1,1,27,49,11162,7314
CCTGCTATTTGAGAAG-1,1,26,50,11051,7116
CGCGTTCATGAAATAC-1,1,27,51,10936,7312
CATTATGCTTGTTGTG-1,1,26,52,10825,7114
CCAGGGACGTGGCCTC-1,1,27,53,10710,7310
TATGGATGTGCTACGC-1,1,26,54,10599,7112
GTACTAAGATTTGGAG-1,1,27,55,10484,7308
AGACCCGCCCTCCTCG-1,1,26,56,10372,7110
CGCATTAGCTAATAGG-1,1,27,57,10258,7306
GCTCTCGGGTACCGAA-1,1,26,58,10146,7108
CACCGCCAGAAGGTTT-1,1,27,59,10032,7304
TCCCAAAGACGAAGGA-1,1,26,60,9920,7106
ATGGATTGACCAAACG-1,1,27,61,9805,7302
GTCATGGACATGACTA-1,1,26,62,9694,7104
CTACTGCCACCTGACC-1,1,27,63,9579,7300
TTATATTTGGCAATCC-1,1,26,64,9468,7102
AGCACCAGTACTCACG-1,1,27,65,9353,7298
CATGGTCTAGATACCG-1,1,26,66,9242,7100
TCTACCGTCCACAAGC-1,1,27,67,9127,7296
CTAGTTGGGCCCGGTA-1,1,26,68,9016,7098
TCCCGCGTACTCCTGG-1,1,27,69,8901,7294
CAGAGCATGAGCTTGC-1,1,26,70,8789,7096
ACACGGGAACTTAGGG-1,1,27,71,8675,7292
GGCTCTGCTCCAACGC-1,1,26,72,8563,7094
AGAACGTGGTACATTC-1,1,27,73,8448,7290
CAATAAACCTTGGCCC-1,1,26,74,8337,7092
ACTTCGCCATACGCAC-1,1,27,75,8222,7288
ATCTGGTTAAGACTGT-1,1,26,76,8111,7090
TCGTAAGACGACATTG-1,1,27,77,7996,7286
GTGTACCTTGGCTACG-1,1,26,78,7885,7088
GCCCGTAATACCTTCT-1,1,27,79,7770,7284
CGGTCAAGTGGGAACC-1,1,26,80,7659,7086
TTGTAAGGCCAGTTGG-1,1,27,81,7544,7282
GGAGCACCAAGAACTA-1,1,26,82,7432,7084
TAATAGTGACGACCAG-1,1,27,83,7318,7280
CTAAATCCTATTCCGG-1,0,26,84,7206,7082
CGAGTTCTGTCCCACC-1,0,27,85,7092,7278
AGGCAGATGCGTAAAC-1,0,26,86,6980,7080
AAGGATGAGGGACCTC-1,0,27,87,6865,7276
AGAGAACCGTCTAGGA-1,0,26,88,6754,7079
GAGGGCGCAGCTCTGC-1,0,27,89,6639,7274
AAGATTGGCGGAACGT-1,0,26,90,6528,7077
CCAGTAGTCTGATCCA-1,0,27,91,6413,7272
AAGGGACAGATTCTGT-1,0,26,92,6302,7075
ATAGAGTTATCAACTT-1,0,27,93,6187,7270
AAATTACCTATCGATG-1,0,26,94,6076,7073
GATCCTAAATCGGGAC-1,0,27,95,5961,7268
TTACAGACCTAAATGA-1,0,26,96,5849,7071
CCTCACCTTAGCATCG-1,0,27,97,5735,7266
CATGCGACCAGTTTAA-1,0,26,98,5623,7069
AACATATCAACTGGTG-1,0,27,99,5508,7264
CTATAAGAGCCAATCG-1,0,26,100,5397,7067
AATATCGAGGGTTCTC-1,0,27,101,5282,7262
GTACTCCTGGGTATGC-1,0,26,102,5171,7065
ATAAGTAGGATTCAGA-1,0,27,103,5056,7260
AGGTCGCGGAGTTACT-1,0,26,104,4945,7063
CTAATTCTCAGATATT-1,0,27,105,4830,7259
GCCAACCATTTCCGGA-1,0,26,106,4719,7061
TGATCCCAGCATTAGT-1,0,27,107,4604,7257
CGTTGTAAGATTGATT-1,0,26,108,4492,7059
GAAACCATGGTGCGCT-1,0,27,109,4378,7255
AATCTATGCCGGAGCC-1,0,26,110,4266,7057
GACTCCCAGAATAAGG-1,0,27,111,4152,7253
TATGATCCGGCACGCC-1,0,26,112,4040,7055
CCGCTTGCTGACATGG-1,0,27,113,3925,7251
TGGTTAAGGGCGCTGG-1,0,26,114,3814,7053
TTGATAGTCAATACAT-1,0,27,115,3699,7249
GGTTTAATTGAGCAGG-1,0,26,116,3588,7051
CATTACATAGATTGTG-1,0,27,117,3473,7247
GGTACACCAGATTTAT-1,0,26,118,3362,7049
GGCCCGTATACCATGC-1,0,27,119,3247,7245
ATCTTTCGTATAACCA-1,0,26,120,3136,7047
GAGATGACAATCCTTA-1,0,27,121,3021,7243
AAAGCTTGCCTACATA-1,0,26,122,2909,7045
GAACGATAAGTTAAAG-1,0,27,123,2795,7241
TAATAGCTAAATGATG-1,0,26,124,2683,7043
TATGGCTAGGCTAATT-1,0,27,125,2568,7239
AGGAGAGTCTGGCTAC-1,0,26,126,2457,7041
TGCTCTGCCGGTTCAC-1,0,27,127,2342,7237
CCAATAGATTTCATCT-1,0,28,0,16701,7559
GGGCACGAATTGGCCG-1,0,29,1,16587,7755
TCGTTGACAGGGTCCC-1,0,28,2,16475,7557
ATCGTATTCCGAGAAC-1,0,29,3,16360,7753
GGGAATTCTGTCCAGT-1,0,28,4,16249,7555
ACGCGTTTCTTAAGAG-1,0,29,5,16134,7751
GAGAGCGCAGTCCCTG-1,0,28,6,16023,7553
GTCCTATTGTTGTGGT-1,0,29,7,15908,7749
CATCTGCAGGATCATT-1,0,28,8,15797,7551
GAGTCGACAGACCCTC-1,0,29,9,15682,7747
AAGTGCAAAGGTAGAC-1,0,28,10,15571,7549
AGGGTGGATAGTGCAT-1,0,29,11,15456,7745
TGATAGCGGGATTCTA-1,0,28,12,15344,7547
GTCAGTTTGGTAGTCG-1,0,29,13,15230,7743
GCATTCGAAATGAACA-1,0,28,14,15118,7545
AAAGACTGGGCGCTTT-1,0,29,15,15004,7741
TAACAATATTTGTTGC-1,0,28,16,14892,7543
CCAGCTTCCGCCCGCA-1,0,29,17,14777,7739
GATATGGATTACGCGG-1,0,28,18,14666,7541
AGAGCAGTTATGAGAC-1,0,29,19,14551,7737
TCACATCTTATCTGAT-1,0,28,20,14440,7539
TATGAAGACAGGTGCG-1,0,29,21,14325,7735
TACCTGCTGCACTGTG-1,0,28,22,14214,7537
TAGGTCCAAGTAAGGA-1,0,29,23,14099,7733
GAAACTCGTGCGATGC-1,1,28,24,13988,7535
AACAATTACTCTACGC-1,1,29,25,13873,7731
CCGCACGTGACCTCGG-1,1,28,26,13761,7533
AACTTGCCCGTATGCA-1,1,29,27,13647,7729
GGGTATGTATGCACTT-1,1,28,28,13535,7531
TTCGTACTCCAGAACG-1,1,29,29,13420,7727
GAATTTCTCGCTGCAG-1,1,28,30,13309,7529
AACAGGATGGGCCGCG-1,1,29,31,13194,7725
GACGTGTAGGGATTAT-1,1,28,32,13083,7527
TAGGTGAGCCCTACTC-1,1,29,33,12968,7723
CTAATTCGCACGCGCT-1,1,28,34,12857,7525
GAAGCTTGCTGACCGC-1,1,29,35,12742,7721
GGTTAGGCTTGGAGAA-1,1,28,36,12631,7523
ACAAGGACAAGAGGTT-1,1,29,37,12516,7719
AGGCCACCCGTTATGA-1,1,28,38,12404,7521
GTGGGCTTAGACACAC-1,1,29,39,12290,7717
CGTGTCCCATTCGCGA-1,1,28,40,12178,7519
TGGAGTGATGCGATGA-1,1,29,41,12064,7715
AACAACTGGTAGTTGC-1,1,28,42,11952,7517
CCTGGCTAGACCCGCC-1,1,29,43,11837,7713
CGCAATTAGGGTAATA-1,1,28,44,11726,7515
TCGAAATTTAGGACCA-1,1,29,45,11611,7711
AGACTAGCCTTCCAGA-1,1,28,46,11500,7513
TTGATCTAACTTTGTC-1,1,29,47,11385,7709
AAGGAGCGGTTGGTGC-1,1,28,48,11274,7511
ACTTGGGACCCGGTGG-1,1,29,49,11159,7707
TGATCTCCGGCGCCAG-1,1,28,50,11048,7510
CAGTTCAAATTGACAC-1,1,29,51,10933,7705
GTCCGGCTGAATTGCG-1,1,28,52,10821,7508
CTGGAAATGGATGCTT-1,1,29,53,10707,7703
TGATCGGTTTGACCCT-1,1,28,54,10595,7506
TAGAGTCTAAGCGAAC-1,1,29,55,10480,7701
GAGACTGATGGGTAGA-1,1,28,56,10369,7504
TAGCTAAGTCCGGGAG-1,1,29,57,10254,7699
GGGCGATATGTGTGAA-1,1,28,58,10143,7502
CTCGAGGTCGAACAGT-1,1,29,59,10028,7697
GATCCCTTTATACTGC-1,1,28,60,9917,7500
GTCATGCACCTCCGTT-1,1,29,61,9802,7695
ACTTTCCTATAGCTTC-1,1,28,62,9691,7498
TCGCTCGATATATTCC-1,1,29,63,9576,7693
ATAGGTTGGGCAGATG-1,1,28,64,9464,7496
CAATTAAGGGTGATGA-1,1,29,65,9350,7691
ACCGACTGAGTCCCAC-1,1,28,66,9238,7494
CCTGTCACCCGGGCTC-1,1,29,67,9124,7689
GATCGGTGGCCATAAC-1,1,28,68,9012,7492
CCTATGGGTTACCGTC-1,1,29,69,8897,7688
TTGGGACACTGCCCGC-1,1,28,70,8786,7490
CGAGGCTAAATATGGC-1,1,29,71,8671,7686
TCAGGGTGTAACGTAA-1,1,28,72,8560,7488
CGAGAGATGTGAACCT-1,1,29,73,8445,7684
TCGCTGGGCGGATTGT-1,1,28,74,8334,7486
AGATCTCAGGTGTGAT-1,1,29,75,8219,7682
TGGCCAAACTGAAGTA-1,1,28,76,8108,7484
GCTTCCGTCCCTAGAC-1,1,29,77,7993,7680
CAGCAGCCCGTTCCTT-1,1,28,78,7881,7482
TGTATAACAGATCCTG-1,1,29,79,7767,7678
CGCGGGAATTAGGCAG-1,1,28,80,7655,7480
TGCATGTGGTAATCTA-1,1,29,81,7540,7676
ACAATTTGAGCAGTGG-1,1,28,82,7429,7478
GAGCTAAGGGCATATC-1,1,29,83,7314,7674
CCAGATAGTTGAGTGA-1,1,28,84,7203,7476
CCACAATGTACGTCTT-1,1,29,85,7088,7672
CAATGGATCTCTACCA-1,0,28,86,6977,7474
TGTGGCAAAGCGTATG-1,1,29,87,6862,7670
TAAAGCGTTAGGAGAA-1,0,28,88,6751,7472
TCCGTTTAGCCTTGAA-1,0,29,89,6636,7668
CAGCTCGACAAGTTAA-1,0,28,90,6524,7470
GCCTATAGTGTCAGGG-1,0,29,91,6410,7666
ATAGACAACGGGACCT-1,0,28,92,6298,7468
CTACTATCTTTCAGAG-1,0,29,93,6183,7664
GCGCTGCTTTGCATTT-1,0,28,94,6072,7466
GCGCATCCAGTCAGCA-1,0,29,95,5957,7662
GACTCGCGGGAATGAC-1,0,28,96,5846,7464
CTGGTAACGAGCTCTT-1,0,29,97,5731,7660
TCCGGCCTAGCGTACA-1,0,28,98,5620,7462
TCTAGGTGGCGACGCT-1,0,29,99,5505,7658
ACGCTAGTGATACACT-1,0,28,100,5394,7460
ATCTGCACCTCTGCGA-1,0,29,101,5279,7656
CCTCACCTGAGGGAGC-1,0,28,102,5168,7458
AGTGAGCCTCGCCGCC-1,0,29,103,5053,7654
ACGAGTACGGATGCCC-1,0,28,104,4941,7456
GGTACCATTAAGACGG-1,0,29,105,4827,7652
TTCTGCTAGACTCCAA-1,0,28,106,4715,7454
TAACTATTACGCCAAA-1,0,29,107,4600,7650
GCATTCAAGGCAACGC-1,0,28,108,4489,7452
AGTACATCATTTATCA-1,0,29,109,4374,7648
GTCGTGTCTGGTCATC-1,0,28,110,4263,7450
AGTCTAAAGTATACTC-1,0,29,111,4148,7646
CGGCCCAACCTGTAGT-1,0,28,112,4037,7448
AGGGAGACATACTTCG-1,0,29,113,3922,7644
TCCCTAGATCAATAGG-1,0,28,114,3811,7446
TCCCGTCGCGTCATAG-1,0,29,115,3696,7642
CGCATCCATCAGCCAG-1,0,28,116,3584,7444
CTGCACCTAGTCCACA-1,0,29,117,3470,7640
CGAGGATCGGGAACGA-1,0,28,118,3358,7442
CAATGAGGTTCGACTA-1,0,29,119,3243,7638
TCTGACGGGCTAACCC-1,0,28,120,3132,7440
TTCTATGCCTTTCGCA-1,0,29,121,3017,7636
AGAGTATAGTGTTACG-1,0,28,122,2906,7439
CCATTGTTTCCTCCAT-1,0,29,123,2791,7634
CTCATCACTTAGTGAT-1,0,28,124,2680,7437
CCGAAGGGCGTACCGC-1,0,29,125,2565,7632
TCAAGCTGCCTTGAAA-1,0,28,126,2454,7435
CTCATTAACGTTGCCC-1,0,29,127,2339,7630
GTCTTCCTCACCTAAG-1,0,30,0,16698,7952
GGTGATGAAGGAAGTG-1,0,31,1,16583,8148
TCAATACAATTGCTGC-1,0,30,2,16472,7950
GCAACCCAAGTTGTTT-1,0,31,3,16357,8146
ATGAAGTGGACCCAGC-1,0,30,4,16246,7948
GAGAATCTCACGATCA-1,0,31,5,16131,8144
TATATCATTGATCAGT-1,0,30,6,16020,7946
AACTTTACGGGAGCTT-1,0,31,7,15905,8142
TTCTTGTGTCCATCAG-1,0,30,8,15793,7944
ACAATTTAGGAGGCTC-1,0,31,9,15679,8140
ATACTTGTTCTCGAGC-1,0,30,10,15567,7942
CACGGGATTGAGGGTT-1,0,31,11,15452,8138
GTTAATGTCTATCTTA-1,0,30,12,15341,7940
GCGTTATATTTGGAAC-1,0,31,13,15226,8136
CGTCAAGGCTATAAAT-1,0,30,14,15115,7939
TTAGCTCTGTAATCCG-1,0,31,15,15000,8134
AATGGTCCACCGTTCA-1,0,30,16,14889,7937
GTCATTGCATTGACCC-1,0,31,17,14774,8132
TGTCCGTGGCGCCTTT-1,0,30,18,14663,7935
TCAACTAACGTATAAC-1,0,31,19,14548,8130
TCCTCTCCAGTTGTCC-1,0,30,20,14436,7933
TGTGTTCGTATCCAAG-1,0,31,21,14322,8128
CCGCGTAGGTAAGGGC-1,0,30,22,14210,7931
CTGCGGGTGAAATGTT-1,0,31,23,14095,8126
TATCTACAGAGGTAAT-1,0,30,24,13984,7929
CTACTCTAGGCCCGGC-1,0,31,25,13869,8124
ACAAGCAGTGCCTAGC-1,0,30,26,13758,7927
TACAAGTCTCGTGCAT-1,1,31,27,13643,8122
TCGGAATGCGCTCTGA-1,1,30,28,13532,7925
TCGCGTCCAGAAGGTC-1,1,31,29,13417,8120
TATGGCCCGGCCTCGC-1,1,30,30,13306,7923
GCTGGCATATTCACCT-1,1,31,31,13191,8119
GTCAGAATAGTCTATG-1,1,30,32,13079,7921
GGCGTCCTATCCGCTG-1,1,31,33,12965,8117
CGGAGTTTGAGAGACA-1,1,30,34,12853,7919
AGCACTTAAGGACGCC-1,1,31,35,12739,8115
TCCACAATGGTTTACG-1,1,30,36,12627,7917
CCAACGATGCACTGAT-1,1,31,37,12512,8113
ATTTACAGTTTACTGG-1,1,30,38,12401,7915
CCCTGAAATGAGTTGA-1,1,31,39,12286,8111
CAAACGGTCGCACTTT-1,1,30,40,12175,7913
TGATTCGTCTATCACT-1,1,31,41,12060,8109
TCAGGTTCTTTGAGAA-1,1,30,42,11949,7911
CACGCAGCGAGGCTTT-1,1,31,43,11834,8107
TTAAGCGCCTGACCCA-1,1,30,44,11723,7909
CTTACACGGTATTCCA-1,1,31,45,11608,8105
AAGGCTGTGCTCATCG-1,1,30,46,11496,7907
GACCAGAGCCCTGTAG-1,1,31,47,11382,8103
TCCCAGGCTTAGCTAA-1,1,30,48,11270,7905
ATTGAAGATCTTAGTG-1,1,31,49,11155,8101
AGTTCCTACAGAATTA-1,1,30,50,11044,7903
GGGCTGGTTAGTCGCG-1,1,31,51,10929,8099
GAAATGGCGGTGTTAG-1,1,30,52,10818,7901
TACGAACACGACTTCA-1,1,31,53,10703,8097
ACCACAAGTTTCTATC-1,1,30,54,10592,7899
ATATTTAACCCTCAAG-1,1,31,55,10477,8095
GATCATTCCAAACATT-1,1,30,56,10366,7897
TCCAGGCGAGTACGGT-1,1,31,57,10251,8093
GTTTGACCAAATCCTA-1,1,30,58,10139,7895
CACAGCACCCACGGCA-1,1,31,59,10025,8091
TGCAAGAATGACGTAA-1,1,30,60,9913,7893
GCGAAGCCATACCCGT-1,1,31,61,9799,8089
TCCTTTCTTACGCTTA-1,1,30,62,9687,7891
GCTGCTCTCCGGACAC-1,1,31,63,9572,8087
ACTGTCTTCTTTAGAA-1,1,30,64,9461,7889
TCAAACTTAGATTGTT-1,1,31,65,9346,8085
CTATGTCACTAGCCCA-1,1,30,66,9235,7887
TGCGCAAAGCATTTGG-1,1,31,67,9120,8083
TTAATGTAGACCAGGT-1,1,30,68,9009,7885
GGCGGTAGGATCATTG-1,1,31,69,8894,8081
GGCAATAGTCAATGAG-1,1,30,70,8783,7883
ACACGAGACTCCTTCT-1,1,31,71,8668,8079
GACACAAGGGAAGAAA-1,1,30,72,8556,7881
TCAGCAAATGCATCTC-1,1,31,73,8442,8077
GAGATCTGTCACTCCG-1,1,30,74,8330,7879
ATGCCGGTCTTGCATA-1,1,31,75,8215,8075
TTGGGCGGCGGTTGCC-1,1,30,76,8104,7877
TTGTTGTGTGTCAAGA-1,1,31,77,7989,8073
ACTGTACGATACACAT-1,1,30,78,7878,7875
TCCACTTTATCTAGGT-1,1,31,79,7763,8071
GGTCTGAGAATCTGGA-1,1,30,80,7652,7873
TAGAAAGGTGGCGCTA-1,1,31,81,7537,8069
TATGTCTCATTGTGCC-1,1,30,82,7426,7871
GGATTTCACTTCTATA-1,1,31,83,7311,8067
TGAGTGGTCCGTGACG-1,1,30,84,7199,7869
CGCTTTCTTGCATTCG-1,1,31,85,7085,8065
ACCCAACGCCCGTGGC-1,1,30,86,6973,7868
GAACGTCTCATGGTCG-1,1,31,87,6859,8063
AGGGTTCCCTTTGGTT-1,1,30,88,6747,7866
GTAGCTTCCTCTTGTT-1,1,31,89,6632,8061
GCATGAGGGACGCGGC-1,0,30,90,6521,7864
CTACCCTAAGGTCATA-1,0,31,91,6406,8059
TCACCGCTCGGCACTC-1,0,30,92,6295,7862
GGCTCGCGTTGAGGTA-1,0,31,93,6180,8057
CTAACGAAACTTGCTG-1,0,30,94,6069,7860
TTAAACTCGAATTCAT-1,0,31,95,5954,8055
TACTTTACTGAGCCGG-1,0,30,96,5843,7858
GCTTGGATCGATTAGG-1,0,31,97,5728,8053
CGGTTATCCAACAGTG-1,0,30,98,5616,7856
CAGACCTGTAAGTGTT-1,0,31,99,5502,8051
GACGGTCAATAGAAGC-1,0,30,100,5390,7854
CTGACTGCGCAGCTCG-1,0,31,101,5275,8049
CCATACCTTTACTTGT-1,0,30,102,5164,7852
GTAATAAAGGGCTCCC-1,0,31,103,5049,8048
GTGAACTCCCATTCGA-1,0,30,104,4938,7850
GTGGTTACTTCTTTCG-1,0,31,105,4823,8046
TCAGAACCTCCACAGG-1,0,30,106,4712,7848
TCCCACTCTCTTCCGG-1,0,31,107,4597,8044
ATCTTGACTTGTCCAA-1,0,30,108,4486,7846
TCGGGAACGTGCCTAG-1,0,31,109,4371,8042
GTTAGCCGTAAATCAA-1,0,30,110,4259,7844
ATTTACTAAGTCCATT-1,0,31,111,4145,8040
GGGTGCATATGAAAGC-1,0,30,112,4033,7842
TCCGAATGGTCCTGAG-1,0,31,113,3919,8038
TGATGGCTGTTTCTGA-1,0,30,114,3807,7840
AAATAAGGTAGTGCCC-1,0,31,115,3692,8036
CCACTATCCGGGTCAC-1,0,30,116,3581,7838
ACACCACATAATTAGC-1,0,31,117,3466,8034
CGCGGTAAGTCTAGCT-1,0,30,118,3355,7836
GCGGGCATTACGATGC-1,0,31,119,3240,8032
AGGATTGCTTACGACA-1,0,30,120,3129,7834
CTCGGGATAACACCTA-1,0,31,121,3014,8030
GTCGTCTGGTTGGCTA-1,0,30,122,2903,7832
GCAATTAGTCGCACCG-1,0,31,123,2788,8028
GTGACCTAAAGAATAA-1,0,30,124,2676,7830
CTGAGCGAGACTTATT-1,0,31,125,2562,8026
CAAGACTCAGAAGCGC-1,0,30,126,2450,7828
ACTTCGCTAGCGAGTG-1,0,31,127,2335,8024
CCATACTCGCCTCTCC-1,0,32,0,16695,8346
ACGATACCTATCCTGA-1,0,33,1,16580,8542
CTCACCAGTACAAGTG-1,0,32,2,16468,8344
CGAAGACGGTGAGTGC-1,0,33,3,16354,8540
AAATTAATAAGCGCGA-1,0,32,4,16242,8342
GGGCCCTTATCTATAC-1,0,33,5,16127,8538
CTGCCCACGAAGCGTT-1,0,32,6,16016,8340
GGACAAGTTGCAGTGA-1,0,33,7,15901,8536
GTCCGAGAGCAATCAT-1,0,32,8,15790,8338
ATGGCAGCCGAGAAAC-1,0,33,9,15675,8534
CCTCGGATGCTACCTG-1,0,32,10,15564,8336
ATACGGTGAAGATGCA-1,0,33,11,15449,8532
ACATCAGCTGGGACGC-1,0,32,12,15338,8334
GGTTGTGTAGCCTGGC-1,0,33,13,15223,8530
CCTGCGTTCTACGCTT-1,0,32,14,15111,8332
GAACGTTAGGAAGACG-1,0,33,15,14997,8528
CTGATAGTGTATCTCA-1,0,32,16,14885,8330
TTCTGCGAGCGCCCTT-1,0,33,17,14771,8526
CTTTGGCGCTTTATAC-1,0,32,18,14659,8328
TCCGAACTTGGCTTAC-1,0,33,19,14544,8524
TAGATTCCTGGTTATT-1,0,32,20,14433,8326
CCGACAAAGGGAGTGC-1,0,33,21,14318,8522
CCATGGCCCTTGTACC-1,0,32,22,14207,8324
GAAATATCACCATCAG-1,0,33,23,14092,8520
ACGAAATGGGCGGCAC-1,0,32,24,13981,8322
GTGAGCGTGCTGCACT-1,0,33,25,13866,8518
CCGCGGGTACGAAGAA-1,0,32,26,13755,8320
TCCCTGGCTCGCTGGA-1,0,33,27,13640,8516
CAGCTTAGTAGGTAGC-1,1,32,28,13528,8318
CACGAAAGTTAGTCCC-1,1,33,29,13414,8514
ACCTAATCGACTTCCT-1,1,32,30,13302,8316
AAGTAGTGACGCGAGG-1,1,33,31,13187,8512
TCCGATTACATTGCCG-1,1,32,32,13076,8314
CCTCCGACAATTCAAG-1,1,33,33,12961,8510
GTTCACAGGAGTCTAG-1,1,32,34,12850,8312
CGAAGTTGCTCTGTGT-1,1,33,35,12735,8508
GTCGGATATCTCAGAC-1,1,32,36,12624,8310
CGCTCTCCGTAGATTA-1,1,33,37,12509,8506
CAAGCAACGTCGGAGT-1,1,32,38,12398,8308
CCATTCCCTGCCCACA-1,1,33,39,12283,8504
CTTTGGCTTTAGTAAA-1,1,32,40,12171,8306
GGCTATTAAGTTGTAT-1,1,33,41,12057,8502
CCATTAGCGATAATCC-1,1,32,42,11945,8304
TGTTCTTCCATTGACT-1,1,33,43,11830,8500
AGATAACTTCAGGGCC-1,1,32,44,11719,8302
ATAGACGAAGAGAAAG-1,1,33,45,11604,8498
GGCGGAGTAATATTAG-1,1,32,46,11493,8300
TGACCCACGTTAGACA-1,1,33,47,11378,8496
TCACAGGTTATTGGGC-1,1,32,48,11267,8299
TCACGCATTGTAGATC-1,1,33,49,11152,8494
TTGAAGAATTCCCAGG-1,1,32,50,11041,8297
AAATGGTCAATGTGCC-1,1,33,51,10926,8492
TAGTGCCCTCCAGAGT-1,1,32,52,10815,8295
GGTATTGCCGAGTTTA-1,1,33,53,10700,8490
CGTATTAAGAGATCTA-1,1,32,54,10588,8293
ACTGTCCAGGATTATA-1,1,33,55,10474,8488
CGGGCAGCTAAACCGC-1,1,32,56,10362,8291
TTGCTGATCATGTTCG-1,1,33,57,10247,8486
TATGGGTACGTATCGT-1,1,32,58,10136,8289
CAGCTCACTGAGACAT-1,1,33,59,10021,8484
GGGACTGCATAGATAG-1,1,32,60,9910,8287
ACGCATTCGTGAGTAC-1,1,33,61,9795,8482
CTCTGGACGCCTGGTG-1,1,32,62,9684,8285
AGGGTTTAGTTCGGGA-1,1,33,63,9569,8480
GGGAGAACTCACAGTA-1,1,32,64,9458,8283
ATCAATCTGGGCTGCA-1,1,33,65,9343,8478
TCTTCGATACCAATAA-1,1,32,66,9231,8281
ACGTAGATTGCTGATG-1,1,33,67,9117,8477
TCTTGATGCGTAGCGA-1,1,32,68,9005,8279
GGGCTGCCTAGGGCGA-1,1,33,69,8890,8475
CTCTCACAATCGATGA-1,1,32,70,8779,8277
CCAAGCGTAACTCGTA-1,1,33,71,8664,8473
ACAACAGCATGAGCTA-1,1,32,72,8553,8275
GTCCCAACGTAAAGTA-1,1,33,73,8438,8471
TCGGAGTACATGAGTA-1,1,32,74,8327,8273
GGGAGTTAATGAGGCG-1,1,33,75,8212,8469
CCGGGCGGTCTCGTCA-1,1,32,76,8101,8271
CCGTAAGTTGGTCCCA-1,1,33,77,7986,8467
GGAGGGCTTGGTTGGC-1,1,32,78,7875,8269
TCGGACGCCCAGCCCA-1,1,33,79,7760,8465
TCTGTGCCATCATAGT-1,1,32,80,7648,8267
GTACTGGAGTTAGACC-1,1,33,81,7534,8463
GGAATGCGCTAGCGTG-1,1,32,82,7422,8265
GTGTGAATAACTTAGG-1,1,33,83,7307,8461
GGTCGGCCAGGAGCTT-1,1,32,84,7196,8263
TAGCCGGCGGTCAGCG-1,1,33,85,7081,8459
CGGGTGTACCCATTTA-1,1,32,86,6970,8261
AGTGATTCAAGCAGGA-1,1,33,87,6855,8457
GTTGGATTGAGAACAC-1,1,32,88,6744,8259
CACACGCGCTGTCTTA-1,1,33,89,6629,8455
TAGACGCCCGTACCGG-1,1,32,90,6518,8257
GGTTTCAATCGGTCAG-1,1,33,91,6403,8453
AATCTGCGTTGGGACG-1,0,32,92,6291,8255
TTACGGATGGTTCGAG-1,1,33,93,6177,8451
CGGCAGGGTCGGGTTG-1,0,32,94,6065,8253
GCTTTCAGAGGAGGTG-1,0,33,95,5950,8449
TCTTCCCATGGGCACA-1,0,32,96,5839,8251
TACCGCGGACTTGCAG-1,0,33,97,5724,8447
AGAATTATGGATTCGA-1,0,32,98,5613,8249
ATTGATGAGTCCTAAC-1,0,33,99,5498,8445
TAGGTCGCCGGAACTG-1,0,32,100,5387,8247
TAACCTACCGTCCGAG-1,0,33,101,5272,8443
CTTAGTAGGCCTACAG-1,0,32,102,5161,8245
CTAGATGTGAGTGTAA-1,0,33,103,5046,8441
ACTCCCGAATTCGTTT-1,0,32,104,4934,8243
GTTCATCGTTTGGCTG-1,0,33,105,4820,8439
ACTTTACCCTCATGAA-1,0,32,106,4708,8241
GCGAGAGTTGCGTCCA-1,0,33,107,4594,8437
GTTCGGGCGTACCATT-1,0,32,108,4482,8239
CGACTTTGTATAGCCT-1,0,33,109,4367,8435
GCCATCGATGCTGCAT-1,0,32,110,4256,8237
GCATTTCCAAGGCTCC-1,0,33,111,4141,8433
ATGTAAGGCTGCTCTT-1,0,32,112,4030,8235
ACGTTCGCAATCAATT-1,0,33,113,3915,8431
GTGACGAGGGTGACCC-1,0,32,114,3804,8233
ATTATAGCTACTTTAC-1,0,33,115,3689,8429
CGTGTGTTAAACCCTG-1,0,32,116,3578,8231
TTGGTATGGCTTGTGT-1,0,33,117,3463,8427
CATTCCCATTCCGTCG-1,0,32,118,3351,8229
TGCCGAAAGCGTATTC-1,0,33,119,3237,8425
CAACACATCTCCTGCC-1,0,32,120,3125,8227
CTGCCTCATATGCAAC-1,0,33,121,3010,8423
TCCCGCCTATGTGCGT-1,0,32,122,2899,8226
GGTTACCCGACACTTT-1,0,33,123,2784,8421
CCAGCGGGATCACCAG-1,0,32,124,2673,8224
ATGTTTCGGCCCGGAG-1,0,33,125,2558,8419
GCGTCTAACCTCCTAA-1,0,32,126,2447,8222
ATCAGGTAGCTGACAG-1,0,33,127,2332,8417
GGTATGAAAGAACTGA-1,0,34,0,16691,8739
GTGGCCTAATATCATT-1,0,35,1,16576,8935
CCTGTGAAACCGTAAC-1,0,34,2,16465,8737
GGCAGAGAGATCGGGA-1,0,35,3,16350,8933
TAGCGTCGAATATTGA-1,0,34,4,16239,8735
CGCCGACTATTCGCTA-1,0,35,5,16124,8931
TCTGGCGCAAGCCGGG-1,0,34,6,16013,8733
AGTGGTTGCGTATAGG-1,0,35,7,15898,8929
ATCGGTTACCTAGTAA-1,0,34,8,15786,8731
CCTGCCCGTTGTCTAG-1,0,35,9,15672,8927
GCACACGCCCATGGTC-1,0,34,10,15560,8729
AGTACGGCCCGTATCG-1,0,35,11,15446,8925
TATCTAGCCTAAAGGA-1,0,34,12,15334,8728
CACTCGGTTAGGAGGA-1,0,35,13,15219,8923
ATGTTCGTCGACCCAC-1,0,34,14,15108,8726
TTCCTCTGCCCGAATA-1,0,35,15,14993,8921
TTACTATCGGCTTCTC-1,0,34,16,14882,8724
GCCGCATTAGTCCGGC-1,0,35,17,14767,8919
TAAGGGCTGGGAGAGG-1,0,34,18,14656,8722
TAAGCAGGCGACACGC-1,0,35,19,14541,8917
AGCACTACCGGCCTGT-1,0,34,20,14430,8720
GAAAGCCCTTTGGACC-1,0,35,21,14315,8915
GACCGACTGAAGCGTC-1,0,34,22,14203,8718
CGGTGAAGACTAAAGT-1,0,35,23,14089,8913
CCCTGCGCTACGCATA-1,0,34,24,13977,8716
TACTGGACAGCTCGGC-1,0,35,25,13862,8911
TTAGTAGGGCGGCGGG-1,0,34,26,13751,8714
GAGGCTATCAAAGTCG-1,0,35,27,13636,8909
TTACCATTGATTACCC-1,0,34,28,13525,8712
ATACCACGGGCAACTT-1,0,35,29,13410,8908
TGTCCTAAGTCACCGC-1,1,34,30,13299,8710
AGGTAGGTACAAAGCT-1,1,35,31,13184,8906
GGCATACAGGTAGCGG-1,1,34,32,13073,8708
TGTAGTGATCTATAAT-1,1,35,33,12958,8904
TCCCGGGTGTGCTGCT-1,1,34,34,12846,8706
TACGATGTTGATCATC-1,1,35,35,12732,8902
CCTCTCTCCCATCTAG-1,1,34,36,12620,8704
GCAGGACTATAGAATA-1,1,35,37,12506,8900
CTAGTGAAGGACAGGA-1,1,34,38,12394,8702
TACGAGAACTTCACGT-1,1,35,39,12279,8898
CGTTGTTTCAATTCCC-1,1,34,40,12168,8700
GCAAATATTACGCTTT-1,1,35,41,12053,8896
CCAATAGTGCCGTCGA-1,1,34,42,11942,8698
ATTGCTGCTCCTCCAT-1,1,35,43,11827,8894
GAGATCTGCTTGGCAT-1,1,34,44,11716,8696
GCCGAAATTCCTACGT-1,1,35,45,11601,8892
GGCACTCCACTGGGCA-1,1,34,46,11490,8694
GGGTCACCGTGACGGT-1,1,35,47,11375,8890
CACTTAATCAGACGGA-1,1,34,48,11263,8692
CGTTTCGCTCATTACA-1,1,35,49,11149,8888
ATAAAGGCTCGGTCGT-1,1,34,50,11037,8690
CACTAAAGTTGCCTAT-1,1,35,51,10922,8886
GTGCTCAAGTACTGTC-1,1,34,52,10811,8688
CCATGCCTGTTTAGTA-1,1,35,53,10696,8884
TCTAGTTATCAGAAGA-1,1,34,54,10585,8686
TTGTAATCCGTACTCG-1,1,35,55,10470,8882
TCCCAGCTTTAGTCTG-1,1,34,56,10359,8684
CTACGCACGGAGTACC-1,1,35,57,10244,8880
AAATTAACGGGTAGCT-1,1,34,58,10133,8682
CGGCCACGCACAAAGT-1,1,35,59,10018,8878
GAAGCGTGAGGAATTT-1,1,34,60,9906,8680
ATATCTTAGGGCCTTC-1,1,35,61,9792,8876
ACGCGGGCCAAGGACA-1,1,34,62,9680,8678
GCGAGTTCTGCAAAGA-1,1,35,63,9566,8874
TATTCGTGCCAGAATA-1,1,34,64,9454,8676
AGGGCTGCAGTTACAG-1,1,35,65,9339,8872
CTAGCATAGTATAATG-1,1,34,66,9228,8674
TAGGTTCGAGTTCGTC-1,1,35,67,9113,8870
GAATTATAGTGAAAGG-1,1,34,68,9002,8672
CTATCGGGTCTCAACA-1,1,35,69,8887,8868
GCGCTAATTGAATAGA-1,1,34,70,8776,8670
ATGCGACAGTCCCATT-1,1,35,71,8661,8866
GGTAGTGCTCGCACCA-1,1,34,72,8550,8668
AAGCTCGTGCCAAGTC-1,1,35,73,8435,8864
TATTCAATTCTAATCC-1,1,34,74,8323,8666
TTCAAAGTCTCTAGCC-1,1,35,75,8209,8862
TTGAATATGGACTTTC-1,1,34,76,8097,8664
AAGAGCTCTTTATCGG-1,1,35,77,7982,8860
TTACTCCGGCCGGGAA-1,1,34,78,7871,8662
AAACGAGACGGTTGAT-1,1,35,79,7756,8858
GCTAAGTAGTTTCTCT-1,1,34,80,7645,8660
ATAACGCCGGAGGGTC-1,1,35,81,7530,8856
GGATCCGGAATATACT-1,1,34,82,7419,8658
TGAAAGGACCTGACTC-1,1,35,83,7304,8854
TCCGCGGCAGCATCTG-1,1,34,84,7193,8657
TGCATATGTCTGTCAC-1,1,35,85,7078,8852
TGTAGGAGAAATTTCC-1,1,34,86,6966,8655
AGTGAGACTTCCAGTA-1,1,35,87,6852,8850
CCCAAACATGCTGCTC-1,1,34,88,6740,8653
GCTTATGAAGCAGGAA-1,1,35,89,6626,8848
TTCTAACCGAAGCTTA-1,1,34,90,6514,8651
GGATGTCCTTACCGCA-1,1,35,91,6399,8846
AGGGTGCTCTCGAGGG-1,1,34,92,6288,8649
AACTCTCAATAGAGCG-1,1,35,93,6173,8844
TCTGAATTCCGTACAA-1,1,34,94,6062,8647
GCGTGGTACTGGGTTA-1,1,35,95,5947,8842
CGTCGGATAGTGTTGA-1,0,34,96,5836,8645
ATATGTCTCCCTAGCC-1,0,35,97,5721,8840
TCTTTAAGACTATGAA-1,0,34,98,5610,8643
TCATTTAAGTCTCCGA-1,0,35,99,5495,8838
GATATTGAGATTGGCG-1,0,34,100,5383,8641
TGACATCGAGCGGACC-1,0,35,101,5269,8836
GCGTAAATGGCCATAA-1,0,34,102,5157,8639
ATTGTACAACTCGGCT-1,0,35,103,5042,8835
TACGCTATAGAAACCT-1,0,34,104,4931,8637
CACCCAAATCTTATGT-1,0,35,105,4816,8833
AGATGATGGAGTCTGG-1,0,34,106,4705,8635
CCACGGTGCCCGGTAG-1,0,35,107,4590,8831
TCAAGAAATACTAGCT-1,0,34,108,4479,8633
AGGTATAATTGATAGT-1,0,35,109,4364,8829
CAAGGTCCTATAGGCT-1,0,34,110,4253,8631
CCGGCACGACCGTTTC-1,0,35,111,4138,8827
ACCTCCGTTATTCACC-1,0,34,112,4026,8629
GCAGCCTATATCACAT-1,0,35,113,3912,8825
GGTATAGTGACACATA-1,0,34,114,3800,8627
AAATTCCAGGTCCAAA-1,0,35,115,3685,8823
TCTTTAGCAGGCGAAC-1,0,34,116,3574,8625
TATTGACATTTCTGCC-1,0,35,117,3459,8821
TCTGATCGGGTGCTAG-1,0,34,118,3348,8623
GGCCCGGAGCATGTCT-1,0,35,119,3233,8819
GGGCGCAGCGTTACTC-1,0,34,120,3122,8621
TTGGCGATCCGAATAT-1,0,35,121,3007,8817
CCACGTAAATTAGACT-1,0,34,122,2896,8619
TCTGATTGGAAATGGA-1,0,35,123,2781,8815
ATGGCGGAATAGTCGC-1,0,34,124,2670,8617
ATCGCTTTACGTCTCA-1,0,35,125,2555,8813
TACGTGCAAGGTTCCT-1,0,34,126,2443,8615
CAGGACAGCTGCCCTT-1,0,35,127,2329,8811
CAAACCAGGTCTGCAT-1,0,36,0,16688,9133
ACAAGCTATATGGAAG-1,0,37,1,16573,9329
TCGCCCACTGCGAGAG-1,0,36,2,16462,9131
AGCCGCAAATTCAAAT-1,0,37,3,16347,9327
TTAACGTTAAAGCCTG-1,0,36,4,16235,9129
CAGCGCCAACACGATA-1,0,37,5,16121,9325
ATCCAATGGTACCGAA-1,0,36,6,16009,9127
GTGCTGCAGATAAGGA-1,0,37,7,15894,9323
GGCCTTTGCAACTGGC-1,0,36,8,15783,9125
GTCGTACCTACGATTG-1,0,37,9,15668,9321
TAGAAATTCACGTATA-1,0,36,10,15557,9123
AGAATAAATCTTCAGG-1,0,37,11,15442,9319
CATTGCGAAATGGGCG-1,0,36,12,15331,9121
GTCTACTCAATTACAA-1,0,37,13,15216,9317
TGTAATGACCACAATA-1,0,36,14,15105,9119
AAAGTCGACCCTCAGT-1,0,37,15,14990,9315
TACTCGGCACGCCGGG-1,0,36,16,14878,9117
AGGTGTATCGCCATGA-1,0,37,17,14764,9313
TGTGCTTTACGTAAGA-1,0,36,18,14652,9115
AAACCTCATGAAGTTG-1,0,37,19,14537,9311
TATAGGGTACTCATGA-1,0,36,20,14426,9113
CCAGCTGATGGTACTT-1,0,37,21,14311,9309
AATATTGGAGTATTGA-1,0,36,22,14200,9111
GGCCCTCACCCACTTA-1,0,37,23,14085,9307
AACCAAGACTTCTCTG-1,0,36,24,13974,9109
TCGTATTACCCATTGC-1,0,37,25,13859,9305
ATTCGACGCCGGGCCT-1,0,36,26,13748,9107
GGCGCAGGACATCTTC-1,0,37,27,13633,9303
GTACTCCCTTATCGCT-1,0,36,28,13522,9105
TGGTCTGTTGGGCGTA-1,0,37,29,13407,9301
AATAACAACGCTCGGC-1,0,36,30,13295,9103
CATACCCGTACCCAGT-1,0,37,31,13181,9299
ACAATCCATTTAAACC-1,1,36,32,13069,9101
GTTACAATTGGTGACG-1,1,37,33,12954,9297
TTGCCCTGATCACGGG-1,1,36,34,12843,9099
CTAACCGCGCGCCCGT-1,1,37,35,12728,9295
CTAAAGAATGCCTACT-1,1,36,36,12617,9097
ACCCATCTTGAGGGTA-1,1,37,37,12502,9293
GATCTTTGCAGGGTAT-1,1,36,38,12391,9095
GGGTACTTCATGAACT-1,1,37,39,12276,9291
GCCGCTTGTGAGAAAC-1,1,36,40,12165,9093
CCTGTAAGACATGATA-1,1,37,41,12050,9289
CGACAGTTCGCGTTAT-1,1,36,42,11938,9091
ACGATGCATATGTTAT-1,1,37,43,11824,9287
TGTTCCGCTTCCATGA-1,1,36,44,11712,9089
GGATGACGCGAGTTTA-1,1,37,45,11597,9285
GAAGTTTCCACTCAAT-1,1,36,46,11486,9087
GCGAGGCCCGAGCAGA-1,1,37,47,11371,9283
CATACTATGTAATTGT-1,1,36,48,11260,9086
CCAATGTCACAGCAAG-1,1,37,49,11145,9281
GTTGGATTTGCGTTGG-1,1,36,50,11034,9084
GGGAGGATGCCCGAAA-1,1,37,51,10919,9279
GATCGCGGGCTCTCCA-1,1,36,52,10808,9082
GTTCGCCATAAGTGCC-1,1,37,53,10693,9277
AGATTATAGGACGTTT-1,1,36,54,10581,9080
TCGAGACCAACACCGT-1,1,37,55,10467,9275
TATGGGACCGAGCAGG-1,1,36,56,10355,9078
GATGCGTCCTGCATTC-1,1,37,57,10241,9273
TATGGTCTGAGTAACA-1,1,36,58,10129,9076
GCATAGAGCACTCAGG-1,1,37,59,10014,9271
CTTCATTGTCAGTGGA-1,1,36,60,9903,9074
GCAGATTAGGGATATC-1,1,37,61,9788,9269
CCTGTCGCCCGTAAAT-1,1,36,62,9677,9072
CAATTTCGTATAAGGG-1,1,37,63,9562,9267
GTACACTTACCTGAAG-1,1,36,64,9451,9070
CCAGCCTGGACCAATA-1,1,37,65,9336,9266
ATGGAGCAGGCCGTGA-1,1,36,66,9225,9068
GTCATTAGAGCGAACG-1,1,37,67,9110,9264
AAGACTGCAAGCTACT-1,1,36,68,8998,9066
CTAGTCACGTCTTAAG-1,1,37,69,8884,9262
ACTCTTGTATAGTAAC-1,1,36,70,8772,9064
ATTAGGCGATGCTTTC-1,1,37,71,8657,9260
TTCGGGACTAATCGCG-1,1,36,72,8546,9062
TGGACTGTTCGCTCAA-1,1,37,73,8431,9258
AACGTGCGAAAGTCTC-1,1,36,74,8320,9060
CCACCCAAGGAAAGTG-1,1,37,75,8205,9256
CCGCACAAAGACCAAC-1,1,36,76,8094,9058
GCGATTGTTAACGTTA-1,1,37,77,7979,9254
ACTCGTCAGTAATCCC-1,1,36,78,7868,9056
GGTGATAAGGAGCAGT-1,1,37,79,7753,9252
AAGAGGCATGGATCGC-1,1,36,80,7641,9054
CACGTTCGTGCTCTAG-1,1,37,81,7527,9250
CTATTTGGTTACGGAT-1,1,36,82,7415,9052
GTACAGAGGCAAGGGT-1,1,37,83,7301,9248
GGGCCGGCCGAAGTAC-1,1,36,84,7189,9050
CCTGAACGATATATTC-1,1,37,85,7074,9246
CCGGGCTGCTCCATAC-1,1,36,86,6963,9048
TACTTGTTAGTAGTCC-1,1,37,87,6848,9244
CCTAGGCGTAGCGATC-1,1,36,88,6737,9046
CTGGCGCACAGGTCTG-1,1,37,89,6622,9242
ACTTATACTTACCCGG-1,1,36,90,6511,9044
GAAGTCTCCCTAGCGA-1,1,37,91,6396,9240
ACCGATGGTAGCATCG-1,1,36,92,6285,9042
CGAGTTTATCGGACTG-1,1,37,93,6170,9238
CATAACGGACAGTCGT-1,1,36,94,6058,9040
TGACGATGCACTAGAA-1,1,37,95,5944,9236
TAGGGAGCTTGGGATG-1,1,36,96,5832,9038
AGGGTCGATGCGAACT-1,1,37,97,5717,9234
TATATCCCTGGGAGGA-1,0,36,98,5606,9036
CATCTTACACCACCTC-1,1,37,99,5491,9232
GTGCGACAGGGAGTGT-1,0,36,100,5380,9034
CCGATCTCAACCTTAT-1,0,37,101,5265,9230
ACGATCATCTTGTAAA-1,0,36,102,5154,9032
GAAAGAACAGCGTTAT-1,0,37,103,5039,9228
CTAGGTCTGAAGGAAT-1,0,36,104,4928,9030
ATATCAACCTACAGAG-1,0,37,105,4813,9226
AAATAGCTTAGACTTT-1,0,36,106,4701,9028
GCGACATGTAAACATC-1,0,37,107,4587,9224
ATAAGTAGGGCGACTC-1,0,36,108,4475,9026
GCGAGCGCATGCTCCC-1,0,37,109,4361,9222
AGGGACCGGCTGCGTT-1,0,36,110,4249,9024
CCTATGAAGTGGTGCC-1,0,37,111,4134,9220
GCTTACGTAGTTAGTA-1,0,36,112,4023,9022
CATACTTAGGCAATAC-1,0,37,113,3908,9218
CCTGTCCCTCACGTTA-1,0,36,114,3797,9020
CAATGTGCCAACCCTT-1,0,37,115,3682,9216
GTTAAGTTAGAGTGGG-1,0,36,116,3571,9018
CTGGGATACGCTACCC-1,0,37,117,3456,9214
AACCTGTCACGGAATT-1,0,36,118,3345,9016
ACTGCGGACACACCGT-1,0,37,119,3230,9212
CCGTGAGGCATTCATG-1,0,36,120,3118,9015
GCCCAGATGCTGGAGA-1,0,37,121,3004,9210
TCTGGCCGTTCAAGTT-1,0,36,122,2892,9013
ATACGAAGGCTTTCCA-1,0,37,123,2777,9208
GATCCGAATATAAGTG-1,0,36,124,2666,9011
GTGGAGCATGTCGGCC-1,0,37,125,2551,9206
ACTCTTCAGCTCCCGC-1,0,36,126,2440,9009
CCCGATAGCCTCGCCT-1,0,37,127,2325,9204
ACAGGTGTGTTGTTGC-1,0,38,0,16684,9526
TGAACTGCTATGACTT-1,0,39,1,16569,9722
TGACATATATGACGAT-1,0,38,2,16458,9524
AAGTCTTCTGTGGCCT-1,0,39,3,16343,9720
ACCAGACCATAACAAC-1,0,38,4,16232,9522
TGAGACGTACCTCTCA-1,0,39,5,16117,9718
GACCGTTACATGCGAC-1,0,38,6,16006,9520
GGTTCGGATTATACTA-1,0,39,7,15891,9716
CCTCCTGAGCCCACAT-1,0,38,8,15780,9518
CCGCGATTTGGTAGGT-1,0,39,9,15665,9714
AATCTCTACTGTGGTT-1,0,38,10,15553,9517
ACTTTGACTGCATCCT-1,0,39,11,15439,9712
CCCTGACTAACAAATT-1,0,38,12,15327,9515
ACGCTGTGAGGCGTAG-1,0,39,13,15213,9710
GCATACGAGGTCTTTA-1,0,38,14,15101,9513
TCGGGATTCAAACATA-1,0,39,15,14986,9708
GGGCCCTACGAAAGGG-1,0,38,16,14875,9511
CGCCAAGAAGCCGAGT-1,0,39,17,14760,9706
GGTACATCTGGGACGA-1,0,38,18,14649,9509
GGATGCTGGCGTTCCT-1,0,39,19,14534,9704
CCGATTCGAGGGACCC-1,0,38,20,14423,9507
CCACTGGTGGCTGGTT-1,0,39,21,14308,9702
GACAGGCACACACTAT-1,0,38,22,14197,9505
TCAACGCGACCGGCAG-1,0,39,23,14082,9700
CTACGACTAGCTATAA-1,0,38,24,13970,9503
CGGTTGACCTGGCATA-1,0,39,25,13856,9698
ATCCTGAATCGCTGCG-1,0,38,26,13744,9501
GTTTCATATCGTCGCT-1,0,39,27,13629,9696
ATAAATATTAGCAGCT-1,0,38,28,13518,9499
AAGAGGATGTACGCGA-1,0,39,29,13403,9695
TCCTGCGTTGATACTC-1,0,38,30,13292,9497
CGTGCATTGTCGACGC-1,0,39,31,13177,9693
CCGGGTTCGAGGTTAC-1,0,38,32,13066,9495
CCCAATTTCACAACTT-1,0,39,33,12951,9691
TGATTTATTAGCTGTG-1,1,38,34,12840,9493
TGGAAGAAGGGAACGT-1,1,39,35,12725,9689
GACGCTTGCTTCTAAA-1,1,38,36,12613,9491
GGGAACGGGAGGTTAG-1,1,39,37,12499,9687
GCGGCTCTGACGTACC-1,1,38,38,12387,9489
ACGTTAGATTTGCCCG-1,1,39,39,12273,9685
GAGAGGGCGCGAGGTT-1,1,38,40,12161,9487
GCGTCTCTGCATTGGG-1,1,39,41,12046,9683
GCAGCACACAGCCCAG-1,1,38,42,11935,9485
CAGGCCGTTTGGGTGT-1,1,39,43,11820,9681
AACTCAAGTTAATTGC-1,1,38,44,11709,9483
CTTCGTAGATAGGTGA-1,1,39,45,11594,9679
TGCAGAGTACCGAGCA-1,1,38,46,11483,9481
GAAGTGATTTATCGTG-1,1,39,47,11368,9677
CGCTACGGGACATTTA-1,1,38,48,11257,9479
CCACACTGAGATATTA-1,1,39,49,11142,9675
CGATCCGACCCAGTGC-1,1,38,50,11030,9477
CTGTACTTCTTAGCAT-1,1,39,51,10916,9673
ACTTATTAGGATCGGT-1,1,38,52,10804,9475
TAGTCCGCAGAGAATG-1,1,39,53,10689,9671
TTCACGAAAGGATCAC-1,1,38,54,10578,9473
TACATTTCTAACGTGC-1,1,39,55,10463,9669
ACCATATCCGCAATAA-1,1,38,56,10352,9471
CACTCAAGAGCTATGG-1,1,39,57,10237,9667
TGTACGAACAAATCCG-1,1,38,58,10126,9469
ATCATCCAATATTTGT-1,1,39,59,10011,9665
CGCTATTCTTAGGCTC-1,1,38,60,9900,9467
TGGCAGCAGTAATAGT-1,1,39,61,9785,9663
TCACGTGCCCGATTCA-1,1,38,62,9673,9465
CATACGGCGTCTGGGC-1,1,39,63,9559,9661
CACATGATTCAGCAAC-1,1,38,64,9447,9463
GCTAGTAGAGCTTGTA-1,1,39,65,9332,9659
TGCTGTTGAAGAACTC-1,1,38,66,9221,9461
CGGAGCATGGCGATCC-1,1,39,67,9106,9657
TAGCGTTGGGTCTTAC-1,1,38,68,8995,9459
GTAGCGGCTATACACT-1,1,39,69,8880,9655
TAACATACAATGTGGG-1,1,38,70,8769,9457
TCTTCGAATAGACGTT-1,1,39,71,8654,9653
GATCGTGACTGATATC-1,1,38,72,8543,9455
GATCCGGGAATTAACA-1,1,39,73,8428,9651
TTATATACGCTGTCAC-1,1,38,74,8317,9453
GTCGCGTAACCCGTTG-1,1,39,75,8202,9649
AGCTCTAGACGTTCCA-1,1,38,76,8090,9451
GTCAAGCGGACTCGGG-1,1,39,77,7976,9647
CGAGGGACTGCGGTCG-1,1,38,78,7864,9449
AATCGCCTCAGCGCCA-1,1,39,79,7749,9645
CTTGTTGCTGAGTCAA-1,1,38,80,7638,9447
GATATGAGACACTAAC-1,1,39,81,7523,9643
TTATGATCTTAACGAA-1,1,38,82,7412,9445
CGCCGCCCATGCCTGT-1,1,39,83,7297,9641
CTGGGATAAATAATGG-1,1,38,84,7186,9444
GTGCCCGTTCGGATTC-1,1,39,85,7071,9639
TTCAATACTCTGAATC-1,1,38,86,6960,9442
CGCACATGTCCACTAC-1,1,39,87,6845,9637
AGAAGAGCGCCGTTCC-1,1,38,88,6733,9440
GATAACTCGCACTGTG-1,1,39,89,6619,9635
AGTCGACGGTCTCAAG-1,1,38,90,6507,9438
GTGACCGCACACTACG-1,1,39,91,6392,9633
GTATGTGGGTCTAGTT-1,1,38,92,6281,9436
CTTGAGTTAGGGTAAT-1,1,39,93,6166,9631
TTAGCTGATTTGCCGT-1,1,38,94,6055,9434
GCTGTTGCTACCGAAC-1,1,39,95,5940,9629
TATTACCATCCTGCTT-1,1,38,96,5829,9432
TTGAATTCACGTGAGG-1,1,39,97,5714,9627
CCATCTCACCAGTGAA-1,1,38,98,5603,9430
CGCACGTGCGCTATCA-1,1,39,99,5488,9625
ACCCGGATGACGCATC-1,1,38,100,5377,9428
CGCTAGAGACCGCTGC-1,1,39,101,5262,9624
ATAGTTCCACCCACTC-1,0,38,102,5150,9426
GCAGACCCAGCACGTA-1,0,39,103,5036,9622
TAGACTACCTAGCGTT-1,0,38,104,4924,9424
GGTTCTACTCGTCTGA-1,0,39,105,4809,9620
GACTCACCCACGTGAG-1,0,38,106,4698,9422
AGCTCTTCGTAACCTT-1,0,39,107,4583,9618
ACTATCCAGGGCATGG-1,0,38,108,4472,9420
AAGGATCGATCGCTTG-1,0,39,109,4357,9616
ATATCGGTAGGGAGAT-1,0,38,110,4246,9418
TTCCAGACGAGATTTA-1,0,39,111,4131,9614
GACCGACGTGAAAGCA-1,0,38,112,4020,9416
CCTGGAAACGTTCTGC-1,0,39,113,3905,9612
CCGGTAATGGCTAGTC-1,0,38,114,3793,9414
GCCGTGGAAGAAATGT-1,0,39,115,3679,9610
GTCTTGAGGAGCAGTG-1,0,38,116,3567,9412
TCCCAAAGCCCTAAAT-1,0,39,117,3452,9608
TTGAGCGCCACGTGAT-1,0,38,118,3341,9410
TTGAGTCCCGCTGCTG-1,0,39,119,3226,9606
ATGGAACCTTTGCACA-1,0,38,120,3115,9408
GCTAGCACCTGGGCCA-1,0,39,121,3000,9604
CGCCGTCTACCCATCG-1,0,38,122,2889,9406
GATAGGTGTCCCGGGC-1,0,39,123,2774,9602
AGGTATGCGGACATTA-1,0,38,124,2663,9404
TTGGTTCGCTCAAAGG-1,0,39,125,2548,9600
TCTGGAGCGTAAGAGT-1,0,38,126,2436,9402
TGCCTAAATTTAATAG-1,0,39,127,2322,9598
TAATTTCCGTCCAGTA-1,0,40,0,16681,9920
TCCTTCAATCCCTACG-1,0,41,1,16566,10116
TACCTATCCCTAGAGG-1,0,40,2,16455,9918
GCATGGGTACTGACGC-1,0,41,3,16340,10114
GTCGGGAACATGGTAG-1,0,40,4,16228,9916
GCAAATGAGGACACTT-1,0,41,5,16114,10112
GAATGGGCTTATCGAC-1,0,40,6,16002,9914
TGGTCGTGCAAGGCAA-1,0,41,7,15888,10110
CACCACGCCACACAGA-1,0,40,8,15776,9912
GAACCTCGACCTACAC-1,0,41,9,15661,10108
CAATACGCTCTGAGGC-1,0,40,10,15550,9910
TGGTAAGCAGGATTGA-1,0,41,11,15435,10106
AGTGGCTCCGTCGGCC-1,0,40,12,15324,9908
GATCGGATAGAACCAT-1,0,41,13,15209,10104
GCTACAGTACGGACCG-1,0,40,14,15098,9906
TCTATTACTAGAGGAT-1,0,41,15,14983,10102
TTCAGGCGTCAAAGCC-1,0,40,16,14872,9904
AGACCGGGAAACCCTG-1,0,41,17,14757,10100
AGAGATCTCTAAAGCG-1,0,40,18,14645,9902
CCCTGCCCAATCCGCT-1,0,41,19,14531,10098
GTGGCGGTCCCAGCGT-1,0,40,20,14419,9900
GCATTGTAATTCATAT-1,0,41,21,14304,10096
CCGTTCCGAATCTCGG-1,0,40,22,14193,9898
AGCTTGATCTTAACTT-1,0,41,23,14078,10094
CCTGTACTCACGCCCA-1,0,40,24,13967,9896
AAGTGACGACCGAATT-1,0,41,25,13852,10092
CTCACTTGGCTGGTAA-1,0,40,26,13741,9894
CGCCTGGCCTACGTAA-1,0,41,27,13626,10090
CCCGTAAGTCTAGGCC-1,0,40,28,13515,9892
TTGGACATGTGGCTTA-1,0,41,29,13400,10088
ATTACGCGCTGGCAGG-1,0,40,30,13288,9890
ACGCGCTACACAGGGT-1,0,41,31,13174,10086
TACGTTTACCGGCAAT-1,0,40,32,13062,9888
CGAAACGCAATTCATG-1,0,41,33,12948,10084
TAGTCTAACAACGAGA-1,0,40,34,12836,9886
TTGCATGCTGATCACG-1,0,41,35,12721,10082
TCTGGGTAGCGCTCAT-1,1,40,36,12610,9884
ACATCGGTCAGCCGCG-1,1,41,37,12495,10080
AGATACCGGTGTTCAC-1,1,40,38,12384,9882
GATTACTGAATTTGGG-1,1,41,39,12269,10078
TCCAACTTTAAATTCT-1,1,40,40,12158,9880
TCCTAGCAAAGAAGCT-1,1,41,41,12043,10076
GTCTATCTGAGTTTCT-1,1,40,42,11932,9878
GATGTTCAATCCACGA-1,1,41,43,11817,10074
AGTTAAACACTTGCGA-1,1,40,44,11705,9876
AGCTCTTTACTCAGTT-1,1,41,45,11591,10072
ATCCAGGATTCGTGAA-1,1,40,46,11479,9875
AGTCAACACCACCATC-1,1,41,47,11364,10070
CGATACCTCGCGGACA-1,1,40,48,11253,9873
TACAACGCACAACTCA-1,1,41,49,11138,10068
AATTAAAGGTCGGCGT-1,1,40,50,11027,9871
TACGCAGTTCTTTCCT-1,1,41,51,10912,10066
GACCGTGCTGACGGTG-1,1,40,52,10801,9869
GGCAAATTACTTTACT-1,1,41,53,10686,10064
GGTACAAACATGCTAT-1,1,40,54,10575,9867
CGGGCCTTCTTTGTAA-1,1,41,55,10460,10062
CGTGAAGTTAATTCAC-1,1,40,56,10348,9865
ATAGTGAAGCGTTCTC-1,1,41,57,10234,10060
TACGCCATATTCTAAT-1,1,40,58,10122,9863
GCCGGGTTAGGGTCGC-1,1,41,59,10008,10058
TACATAGGCATACACC-1,1,40,60,9896,9861
GCCGATTGGCCAAGCT-1,1,41,61,9781,10056
CTGCCATGCATCACAT-1,1,40,62,9670,9859
TTATGAATGAAAGGGA-1,1,41,63,9555,10054
GCTGAGGCGTGAGTAT-1,1,40,64,9444,9857
GCGCCGTTCCACGATA-1,1,41,65,9329,10053
CGCATGGTGCGATGCT-1,1,40,66,9218,9855
AGGTTTCACACACCTT-1,1,41,67,9103,10051
CAAGGATCGCATGTTC-1,1,40,68,8992,9853
ACGTTAATGTCGAAGA-1,1,41,69,8877,10049
TCCAGAGCACCGGTTC-1,1,40,70,8765,9851
GATTCGACGGTTCACG-1,1,41,71,8651,10047
GTTTCTGCAGTCTCCC-1,1,40,72,8539,9849
GCTGCACGGTTTCTTA-1,1,41,73,8424,10045
CGTGCAGACTGGGACA-1,1,40,74,8313,9847
GTGTTACTATGCGTCC-1,1,41,75,8198,10043
TCCTCGGGCTGGGCTT-1,1,40,76,8087,9845
GTGAGGACACTTAAGG-1,1,41,77,7972,10041
ATACGCCGGCGAAACC-1,1,40,78,7861,9843
TCTGCCAGAAACTGCA-1,1,41,79,7746,10039
TTCTGCGGGTTAGCGG-1,1,40,80,7635,9841
CTCGGTACCACTGCTC-1,1,41,81,7520,10037
GTAAGTAACAGTCTGG-1,1,40,82,7408,9839
GTGCGTGTATATGAGC-1,1,41,83,7294,10035
ATTTGTCTTGGGAGCT-1,1,40,84,7182,9837
CCTCGGACCGGGATAG-1,1,41,85,7068,10033
TAGGTGCTCGCCTAGC-1,1,40,86,6956,9835
CTTTAGGAACACTGTT-1,1,41,87,6841,10031
TCGGGCCGTCGTGGTA-1,1,40,88,6730,9833
AGTGCTTGCACGAATA-1,1,41,89,6615,10029
TGCAGTTTCCTCCCAT-1,1,40,90,6504,9831
TGAGAGATTTACCACG-1,1,41,91,6389,10027
GAAACAGATGACCACC-1,1,40,92,6278,9829
AGCAACATATCTTATT-1,1,41,93,6163,10025
CAAGTGTGGTTGCAAA-1,1,40,94,6052,9827
GCCTCATCTGGAAATA-1,1,41,95,5937,10023
AACCCTACTGTCAATA-1,1,40,96,5825,9825
ACGTATTACTCCGATC-1,1,41,97,5711,10021
TCTGGGAACCTTTGAA-1,1,40,98,5599,9823
GCTCGCTCATGTCCAA-1,1,41,99,5484,10019
GCGCAAGAGCGCGCTG-1,1,40,100,5373,9821
TTGACGCTCCATGAGC-1,1,41,101,5258,10017
TATAGATGGTCGCAGT-1,1,40,102,5147,9819
TTACATGCCACAACTA-1,1,41,103,5032,10015
ACATGGCGCCAAAGTA-1,0,40,104,4921,9817
TATGGTTAGTGGGAGA-1,1,41,105,4806,10013
CATGACTTCGCTGAAT-1,0,40,106,4695,9815
ACCACCAATGTAACAA-1,0,41,107,4580,10011
TCTTAGAGCTCCAATT-1,0,40,108,4468,9813
CCACGAATTTAACCTC-1,0,41,109,4354,10009
TTCTTGCTAGCATCTC-1,0,40,110,4242,9811
ACACCTTACTACTTGC-1,0,41,111,4128,10007
AGTCGGTTGCGTGAGA-1,0,40,112,4016,9809
ACCTACAGTATGTGGT-1,0,41,113,3901,10005
GAGGATAAACAGTGCT-1,0,40,114,3790,9807
TTCCGGTATCTGTGTC-1,0,41,115,3675,10003
GGAGGCCGAAGTCGTC-1,0,40,116,3564,9805
TTCGCTAGGAAGTTGT-1,0,41,117,3449,10001
TAAAGACAACCCTTTA-1,0,40,118,3338,9804
GTTGCGCTAACATTAC-1,0,41,119,3223,9999
GCTGAACTCTCCAGGG-1,0,40,120,3112,9802
AGCCCTGTCGCACCGT-1,0,41,121,2997,9997
AGCGCTAGAGCGATGT-1,0,40,122,2885,9800
TGCGCCGTTAATAACG-1,0,41,123,2771,9995
TGACAACGCATGTCGC-1,0,40,124,2659,9798
CGTCTTGAGTGTGACG-1,0,41,125,2544,9993
GATAGGATTAATTACA-1,0,40,126,2433,9796
GATACCGTGTCGGAGT-1,0,41,127,2318,9991
TGTGTCGAAGTCGAGG-1,0,42,0,16677,10313
GGATCAGAGCCATCAG-1,0,43,1,16563,10509
GTCCCAATCATCCCGC-1,0,42,2,16451,10311
TGCCACACTAGAGGAA-1,0,43,3,16336,10507
TGAATTTCACTTGCCT-1,0,42,4,16225,10309
CTCAGATTGTGATAAG-1,0,43,5,16110,10505
CGGACGTTACTTGAAG-1,0,42,6,15999,10307
CCGCCTTGCGATGTCG-1,0,43,7,15884,10503
CCAGTCAAATCTCTTA-1,0,42,8,15773,10305
AAACAGCTTTCAGAAG-1,0,43,9,15658,10501
TAGCTGATGTGAAGCG-1,0,42,10,15547,10304
CTTATGCGCTCAGGGC-1,0,43,11,15432,10499
TGGCTCTTGTCGCGTA-1,0,42,12,15320,10302
TTGTGAGGCATGACGC-1,0,43,13,15206,10497
CATAAGCTCTCCGTCT-1,0,42,14,15094,10300
CCTTCTCAGCGTTCCT-1,0,43,15,14979,10495
TGCAGCTACGTACTTC-1,0,42,16,14868,10298
CTCTACACTGGCGATT-1,0,43,17,14753,10493
TGCAGATCGTCCTAGG-1,0,42,18,14642,10296
TGCCAAAGTCAGACTT-1,0,43,19,14527,10491
ACAATAGTCGTACGTT-1,0,42,20,14416,10294
CATGCCAACTCGCAAA-1,0,43,21,14301,10489
TGCAGAACTATATCGT-1,0,42,22,14190,10292
TCGTGTCACGCTGACA-1,0,43,23,14075,10487
TGATCAGGGAACTGCT-1,0,42,24,13964,10290
CTTGCAACCGCCTCCT-1,0,43,25,13849,10485
AGCCCATACATGTAAG-1,0,42,26,13737,10288
ATCCAATGGAGGGTCC-1,0,43,27,13623,10484
AAACCGGGTAGGTACC-1,0,42,28,13511,10286
GCAACCACGGCCGCGT-1,0,43,29,13396,10482
CGCTTATTCCCGGTCG-1,0,42,30,13285,10284
TTACTCTGGTACGTAC-1,0,43,31,13170,10480
GTGGTTTCCGCCTTTC-1,0,42,32,13059,10282
ATAGGCGGCTATAGAA-1,0,43,33,12944,10478
GTGCCATCACACGGTG-1,0,42,34,12833,10280
CCCAACATACGTCGCG-1,0,43,35,12718,10476
CGGTGCAGATAGAACG-1,0,42,36,12607,10278
GGGCGGGTTCCCTACG-1,0,43,37,12492,10474
TGAGCCATACAGTCTC-1,1,42,38,12380,10276
CTCCGCCCACATGAGG-1,0,43,39,12266,10472
GTTGAACCGGTTCCAT-1,1,42,40,12154,10274
TTGACTACCATATGGT-1,1,43,41,12039,10470
ACCATCGTATATGGTA-1,1,42,42,11928,10272
TGCGTAAGAACCTGAT-1,1,43,43,11813,10468
AGAAGGTTGCCGAATT-1,1,42,44,11702,10270
AGGACGACCCATTAGA-1,1,43,45,11587,10466
GGTGCTGGTACACATT-1,1,42,46,11476,10268
GCGCTATGCCGAGGCA-1,1,43,47,11361,10464
ACCCGGTTACACTTCC-1,1,42,48,11250,10266
TAACTCATCCGCGCGG-1,1,43,49,11135,10462
CACAATGAGCTGCTAT-1,1,42,50,11024,10264
GTTACTTTGGGCCTAG-1,1,43,51,10909,10460
GGGCCCGTCTTAAACA-1,1,42,52,10797,10262
GAAATTGTCTCTATAA-1,1,43,53,10683,10458
GGCGCATGAATTGATG-1,1,42,54,10571,10260
CATATAGGTACAGTCA-1,1,43,55,10456,10456
TCAACGAGGAGACAAA-1,1,42,56,10345,10258
TTGCACAATTCAGAAA-1,1,43,57,10230,10454
CATCGGACGGGTTAAT-1,1,42,58,10119,10256
ATTAAACATGCGGACC-1,1,43,59,10004,10452
TATCTACCACAGCGGG-1,1,42,60,9893,10254
CGAGACCCTAGAGTGT-1,1,43,61,9778,10450
ACATCGATCGTTTACC-1,1,42,62,9667,10252
ATCGACCCAATACAGA-1,1,43,63,9552,10448
GAATCTGAACATTCTC-1,1,42,64,9440,10250
AGTTCCTATTTATGTT-1,1,43,65,9326,10446
CAGTCTGTATACTGGG-1,1,42,66,9214,10248
GGAGACGACACCTTTG-1,1,43,67,9099,10444
CCTAAATTAACGGTTC-1,1,42,68,8988,10246
GCTACGACTTATTGGG-1,1,43,69,8873,10442
CTGTGCAGGGTAGGTC-1,1,42,70,8762,10244
ACGCCGCTAGACGACC-1,1,43,71,8647,10440
ACTTGACTCCCTCTTT-1,1,42,72,8536,10242
CGCCTCCCTCCTCTAT-1,1,43,73,8421,10438
CTAGATTTACGACGGC-1,1,42,74,8310,10240
GATGCTGTATTTCATC-1,1,43,75,8195,10436
TGCGTTTGTTGACACT-1,1,42,76,8083,10238
CGTGCCCTCCCGAAGA-1,1,43,77,7969,10434
ACTCTCTGACTTAGGT-1,1,42,78,7857,10236
CTGGGTAGGCAGTTAA-1,1,43,79,7743,10432
GTTTGGCCCAAGTTAT-1,1,42,80,7631,10234
GAATGTGGTCCGGATT-1,1,43,81,7516,10430
CCCAGTTAAGGCGCCG-1,1,42,82,7405,10233
CGGTACTAGAATCAAA-1,1,43,83,7290,10428
GCTTAATGTAACTAAC-1,1,42,84,7179,10231
AGGACAGTCGAATCCC-1,1,43,85,7064,10426
GACAGCCAGACCTGAC-1,1,42,86,6953,10229
GGCGAAATCTAACTTG-1,1,43,87,6838,10424
CTGGTAACACATAGAA-1,1,42,88,6727,10227
TAGCCATTTCAAAGTC-1,1,43,89,6612,10422
GGGATTTACCGCACCT-1,1,42,90,6500,10225
ATGCCATTTGCGACCA-1,1,43,91,6386,10420
GAATAGACGCGACCCA-1,1,42,92,6274,10223
TGTATGGCGCAGACAG-1,1,43,93,6159,10418
GGATGAAGATCGCTGA-1,1,42,94,6048,10221
CGACAATTTGATCTAA-1,1,43,95,5933,10416
AAAGTTGACTCCCGTA-1,1,42,96,5822,10219
CGCGGCTCAACTTGAA-1,1,43,97,5707,10414
CACGCGGAACTGTTGC-1,1,42,98,5596,10217
TCTTAGAGTGAACTCT-1,1,43,99,5481,10413
AGTCCATTGGCTGATG-1,1,42,100,5370,10215
TTAAGATAGGATTGAC-1,1,43,101,5255,10411
ACATCCTGGTAACTGT-1,1,42,102,5143,10213
CACCTTGGCGCCTTTG-1,1,43,103,5029,10409
GCTAGACCGTCTACTG-1,1,42,104,4917,10211
CGGCCCAGGTATATCC-1,1,43,105,4803,10407
GTCCATTACTGCTACG-1,1,42,106,4691,10209
GGGTTTAGGATAGGAT-1,1,43,107,4576,10405
TAATTAGGACATCCGT-1,0,42,108,4465,10207
GCTCCCAGTCGGTCCA-1,0,43,109,4350,10403
ATTCGTGCTATCTCTT-1,0,42,110,4239,10205
GTTAACTATGTTGTCA-1,0,43,111,4124,10401
GCTCCGCTCGCTTCAG-1,0,42,112,4013,10203
GCAACGGCTAGTTATG-1,0,43,113,3898,10399
AATCGCGCAGAGGACT-1,0,42,114,3787,10201
AGGTTACACCATGCCG-1,0,43,115,3672,10397
CGAGATTTCGCTCGGG-1,0,42,116,3560,10199
CGATAATACTCAGGTT-1,0,43,117,3446,10395
AAGGCAGGCTGTCTCC-1,0,42,118,3334,10197
GTAAGTCCACACTCTA-1,0,43,119,3219,10393
ATGAGGGCAGCGGCTA-1,0,42,120,3108,10195
GCCGCACTCCGTTTCA-1,0,43,121,2993,10391
GAGCACGGCGCCTCTT-1,0,42,122,2882,10193
ACAATTTGGCCATATT-1,0,43,123,2767,10389
CTGGTTCGCGAGCTAC-1,0,42,124,2656,10191
GACGGTCCTAGGGTGT-1,0,43,125,2541,10387
ACTCGCGATCTGACGC-1,0,42,126,2430,10189
GTGTACGAACCGTTCC-1,0,43,127,2315,10385
CTTTGACGTCGCTTCT-1,0,44,0,16674,10707
CGTTATCATACTTCCA-1,0,45,1,16559,10903
GCTATGCCAGCTTATG-1,0,44,2,16448,10705
CAGTCGGCCTAGATAT-1,0,45,3,16333,10901
CCCGTGAGGGCGGTGA-1,0,44,4,16222,10703
TCTCGTGTTACGAGGA-1,0,45,5,16107,10899
ACGTCTCGTTCCGGGA-1,0,44,6,15995,10701
CGAGAGCGCGTAGATA-1,0,45,7,15881,10897
GACAGATTTCTGGCTC-1,0,44,8,15769,10699
GGGCCTAAATGGGCTA-1,0,45,9,15655,10895
ACTTGTAGTCCCTTCA-1,0,44,10,15543,10697
CCCGAAGTTTCGCGAA-1,0,45,11,15428,10893
ACCATCCGCCAACTAG-1,0,44,12,15317,10695
TGCGAATATGGGATTT-1,0,45,13,15202,10891
TACATCCCTATCCCTG-1,0,44,14,15091,10693
GTGGGAAGACTGAATC-1,0,45,15,14976,10889
TCAACATCGACCGAGA-1,0,44,16,14865,10691
CTATGTGAGTCACGGC-1,0,45,17,14750,10887
CCGAACACTGGGCCTC-1,0,44,18,14639,10689
AAACTTGCAAACGTAT-1,0,45,19,14524,10885
AGGGCGAGCAGCTGAT-1,0,44,20,14412,10687
AACACGAGACGCGGCC-1,0,45,21,14298,10883
TGACGAATATTTCCCT-1,0,44,22,14186,10685
TCGGAGAGTATCGGGA-1,0,45,23,14071,10881
CAAATCTCTCACAAGG-1,0,44,24,13960,10683
AGGCCCTAGAACGCCA-1,0,45,25,13845,10879
TAGAGATCATGCAACT-1,0,44,26,13734,10681
TTGTTTCCATACAACT-1,0,45,27,13619,10877
GAGAGGTGCATTCTGG-1,0,44,28,13508,10679
GTGGACCAACCCGATT-1,0,45,29,13393,10875
CTGGGCCTGCTATATC-1,0,44,30,13282,10677
CATAGTCCACAAGAAC-1,0,45,31,13167,10873
TTGACATGAACGTGGA-1,0,44,32,13055,10675
GGTTACCACCCTCGGG-1,0,45,33,12941,10871
TACCGGTCGTTTCCAT-1,0,44,34,12829,10673
CGAGTACTAAAGAGGA-1,0,45,35,12715,10869
GCAAGAATTCCTTGGC-1,0,44,36,12603,10671
TCGCCGAAGTTGCGTC-1,0,45,37,12488,10867
TTGAGAGTACTGCTAA-1,0,44,38,12377,10669
GCCACAATTTAAGGAC-1,0,45,39,12262,10865
ATATTCAGTTAAACCT-1,1,44,40,12151,10667
TGAGTGCCTCTTAAAT-1,1,45,41,12036,10863
ATCAGACGGCACGCCG-1,1,44,42,11925,10665
GTGCGAAATCGAACAC-1,1,45,43,11810,10861
GTGCCGCTTCAAAGGT-1,1,44,44,11699,10664
GATACGATGGGAGTCA-1,1,45,45,11584,10859
GACACTGAGTTCAGTG-1,1,44,46,11472,10662
ATCCTGCGTGGAATGG-1,1,45,47,11358,10857
ATCCTACCTAAGCTCT-1,1,44,48,11246,10660
AGTGATATGAGTAGTT-1,1,45,49,11131,10855
ATGATGCAATGGTACA-1,1,44,50,11020,10658
GAAACCGAATTACCTT-1,1,45,51,10905,10853
AGTGACCTACTTTACG-1,1,44,52,10794,10656
CAAATGTCCTTCCGTG-1,1,45,53,10679,10851
TTACTGGGATATTTCA-1,1,44,54,10568,10654
CTTGCCCAGGCTCTAC-1,1,45,55,10453,10849
AAATCGTGTACCACAA-1,1,44,56,10342,10652
GTGATCATAGATCTGC-1,1,45,57,10227,10847
TGGCAGATTACGATCA-1,1,44,58,10115,10650
TCACCCTCTTAAGATT-1,1,45,59,10001,10845
CAGGATATATCGTTGT-1,1,44,60,9889,10648
CCTGACCACCGATGGT-1,1,45,61,9775,10843
CTAAAGGGAAATAGGA-1,1,44,62,9663,10646
CCGCTATCAGCACCAG-1,1,45,63,9548,10842
CTTTAGTGCTATTATT-1,1,44,64,9437,10644
CGGGAATTTATGTAAA-1,1,45,65,9322,10840
TACGACTGCCTCTTAG-1,1,44,66,9211,10642
AAACTGCTGGCTCCAA-1,1,45,67,9096,10838
GTACGTTTGCCCGTCA-1,1,44,68,8985,10640
GGCAAGGCGAAATAGC-1,1,45,69,8870,10836
GATCTTGGAGGGCATA-1,1,44,70,8759,10638
AGCGTGGTATTCTACT-1,1,45,71,8644,10834
CTAAGGGAATGATTGG-1,1,44,72,8532,10636
CATGGTAAGTAGCGTT-1,1,45,73,8418,10832
CGTTGAGCGACCGTCG-1,1,44,74,8306,10634
TGCCCGTACCGTTAAA-1,1,45,75,8191,10830
ACAAGGGCAGGCTCTG-1,1,44,76,8080,10632
GAGATCTTCCATGACA-1,1,45,77,7965,10828
AATGACGTAGGATGTC-1,1,44,78,7854,10630
GTGGTGGCCAAGTGAA-1,1,45,79,7739,10826
TCCCGTGTGCAATTTG-1,1,44,80,7628,10628
ACATCGTATGCAATGG-1,1,45,81,7513,10824
GCGAAACTTAACTGGA-1,1,44,82,7402,10626
AATTGAACGCTCTGGT-1,1,45,83,7287,10822
ACAAATGGTAGTGTTT-1,1,44,84,7175,10624
ATGGTCGCGTGGTTTC-1,1,45,85,7061,10820
TGTTATTGTATGTGGC-1,1,44,86,6949,10622
TTCCGGTTACCCACTT-1,1,45,87,6834,10818
GAGTGTGCGGTACCCA-1,1,44,88,6723,10620
CAAGATATTATAACGT-1,1,45,89,6608,10816
ACACACCAGGACCAGT-1,1,44,90,6497,10618
ATGGGCCTCGGCCTCT-1,1,45,91,6382,10814
AAGGTGATAAACCAGC-1,1,44,92,6271,10616
TCTTACTTATGCCTCT-1,1,45,93,6156,10812
AAAGTGTGATTTATCT-1,1,44,94,6045,10614
TGCTCCACAGTTCTTA-1,1,45,95,5930,10810
CTGGCTGATTCATCCT-1,1,44,96,5819,10612
TAAGGCTGAATCCCTC-1,1,45,97,5704,10808
TCTAGTGATATCGTGG-1,1,44,98,5592,10610
TCGAAGAACCGAGCAC-1,1,45,99,5478,10806
GACAAACATATGCAGG-1,1,44,100,5366,10608
AAGTCAATTGTCGTCA-1,1,45,101,5251,10804
AGTGAACAAACTTCTC-1,1,44,102,5140,10606
CATGATGGAAGTTAGC-1,1,45,103,5025,10802
AAGTGCCTTGACTGTA-1,1,44,104,4914,10604
ATCGCCAGTCAACATT-1,1,45,105,4799,10800
ACCGCGGTGGAAGTCG-1,1,44,106,4688,10602
TCTTCTATAACCCGCC-1,1,45,107,4573,10798
CACATTTCTTGTCAGA-1,1,44,108,4462,10600
TAGCGTCCCTCGATTG-1,1,45,109,4347,10796
GTTCGGATCGGGAACA-1,0,44,110,4235,10598
CAAACTCGCGACGCCG-1,0,45,111,4121,10794
GTCTTGTAGCTATTCA-1,0,44,112,4009,10596
TCTCGACGTATCGCCG-1,0,45,113,3894,10792
TTGCCAAGCAGAACCC-1,0,44,114,3783,10594
AAACCCGAACGAAATC-1,0,45,115,3668,10790
TTGAGCAGCCCACGGT-1,0,44,116,3557,10592
CGCCTTTAGCATGCTC-1,0,45,117,3442,10788
TGTGGCTCCCACCAAC-1,0,44,118,3331,10591
CCGCCGTTGAGGATAA-1,0,45,119,3216,10786
CAATACGAGAGTCTGA-1,0,44,120,3105,10589
CATCTAGTGAAGGGAA-1,0,45,121,2990,10784
GGTGGAGGTTGATACG-1,0,44,122,2879,10587
CCGCACACGAACGTGT-1,0,45,123,2764,10782
AGAACCCAGCGTGACA-1,0,44,124,2652,10585
GCGCTCGATCACCTGT-1,0,45,125,2538,10780
ATCATGGACTACCGAC-1,0,44,126,2426,10583
TACGCCGCCTCAGAAG-1,0,45,127,2311,10778
CGACCTACTAGACAAT-1,0,46,0,16671,11100
GAGTCTTGTAAAGGAC-1,0,47,1,16556,11296
AATATCCTAGCAAACT-1,0,46,2,16444,11098
CCCTAGGCAACAAGAG-1,0,47,3,16330,11294
ACAAAGAAGGTAGGCC-1,0,46,4,16218,11096
CCCTGGCTGTTCCTTC-1,0,47,5,16103,11292
TCGCCGCACCGCGTGA-1,0,46,6,15992,11094
TATAGCGCACGTTATC-1,0,47,7,15877,11290
TTATCTGACATTAGGA-1,0,46,8,15766,11093
AGTGGTGTTACCCGTG-1,0,47,9,15651,11288
GCCAAGAATACTTCTG-1,0,46,10,15540,11091
CCGGCGTGAGACTCTG-1,0,47,11,15425,11286
TTCCCGGCGCCAATAG-1,0,46,12,15314,11089
AAACAGGGTCTATATT-1,0,47,13,15199,11284
ACAGTAATACAACTTG-1,0,46,14,15087,11087
CGAACGGCCGGACAAC-1,0,47,15,14973,11282
GCAACACACTAGAACT-1,0,46,16,14861,11085
ACTCCCATTCCTAAAG-1,0,47,17,14746,11280
ACCTGCGTGTCATGTT-1,0,46,18,14635,11083
TACTTTCCGCACGCCA-1,0,47,19,14520,11278
AGGTCAGGTGAGAGTG-1,0,46,20,14409,11081
TCCTCCTAAGACATTC-1,0,47,21,14294,11276
ATGTGAAAGCCTAATG-1,0,46,22,14183,11079
AGTCGGCTCAACTTTA-1,0,47,23,14068,11274
CGATCTGTTGGAGGAC-1,0,46,24,13957,11077
ACGGGAGTGTCGGCCC-1,0,47,25,13842,11273
TTAACTTCAGGTAGGA-1,0,46,26,13730,11075
CCACGGAGCCATAAGA-1,0,47,27,13616,11271
CTTCTATGTTGAAGTA-1,0,46,28,13504,11073
CACCGTTGCGCGATAT-1,0,47,29,13390,11269
TCTAGCAATCTCCGCC-1,0,46,30,13278,11071
AGTTTGGCCAGACCTA-1,0,47,31,13163,11267
TTGTAAGGACCTAAGT-1,0,46,32,13052,11069
AAATTTGCGGGTGTGG-1,0,47,33,12937,11265
AAGTTCGGCCAACAGG-1,0,46,34,12826,11067
CCGCTTACCTCACTCT-1,0,47,35,12711,11263
ATCACGTGCTAATTAA-1,0,46,36,12600,11065
GGTGAAGTACAGGGAT-1,0,47,37,12485,11261
GCTGTATTACTGGCCC-1,0,46,38,12374,11063
AACGGCCATCTCCGGT-1,0,47,39,12259,11259
TAAGTAACATCTTGAC-1,0,46,40,12147,11061
TTCTTGAGCCGCGCTA-1,0,47,41,12033,11257
AGTGCGTAGCTCGTAA-1,1,46,42,11921,11059
GGGATGGTCGTAACCG-1,0,47,43,11806,11255
GTCTGGGCGGTCGAGA-1,1,46,44,11695,11057
CGGAACGTAAACATAG-1,1,47,45,11580,11253
TGCGACACCCTAGTGC-1,1,46,46,11469,11055
CAAACGAGTATCGCAG-1,1,47,47,11354,11251
TCAGTAGGGACTATAA-1,1,46,48,11243,11053
GCGGTTCCCTATCATG-1,1,47,49,11128,11249
GTGACTTCAGTAGTGC-1,1,46,50,11017,11051
CGTCACGTCCATTGGT-1,1,47,51,10902,11247
ATAAGTTACCGCGACG-1,1,46,52,10790,11049
CTGAATCCGAGACCTC-1,1,47,53,10676,11245
TACGACGCTTGCTGCG-1,1,46,54,10564,11047
GAATTCACCCGGGTGT-1,1,47,55,10450,11243
GGGTGACACCTTAACT-1,1,46,56,10338,11045
TGAGTAAATTAGCGTA-1,1,47,57,10223,11241
GAGTCCGCTTACCGGA-1,1,46,58,10112,11043
GGCGCGTTCGAGTTTA-1,1,47,59,9997,11239
ATTCATATACTGTCCA-1,1,46,60,9886,11041
ATAAACGGACCCGTAA-1,1,47,61,9771,11237
GTCGTACCATCTCGGG-1,1,46,62,9660,11039
ATAATAGCTGTTGAAT-1,1,47,63,9545,11235
TTCCGCGTGAGGCGAT-1,1,46,64,9434,11037
TACCGGCTCACTGCCC-1,1,47,65,9319,11233
GTATCTTTCATAACCA-1,1,46,66,9207,11035
GTTACCTACAACTTGC-1,1,47,67,9093,11231
TGACTATAATCCTTTC-1,1,46,68,8981,11033
AAATACCTATAAGCAT-1,1,47,69,8866,11229
TTATTAGAGCGTGTTC-1,1,46,70,8755,11031
ATGTGGACATCTTGAT-1,1,47,71,8640,11227
GTACGCTTCATTGCAC-1,1,46,72,8529,11029
CACATATTAGCAGGAT-1,1,47,73,8414,11225
CAAGAGGGCGGAGTAC-1,1,46,74,8303,11027
TCGCAAAGATGCATTT-1,1,47,75,8188,11223
GTCGTTATTCGCTTAT-1,1,46,76,8077,11025
TCGTGTACTATGGATG-1,1,47,77,7962,11221
GCGGAGAGGGAGAACG-1,1,46,78,7850,11023
TCACAGGGAATCGCAA-1,1,47,79,7736,11219
GACTGCACCAGCCCAG-1,1,46,80,7624,11022
TCCGCTGTCATCCCGG-1,1,47,81,7510,11217
AGATACTCAAGATCGA-1,1,46,82,7398,11020
ACTGAATGGCGAAAGT-1,1,47,83,7283,11215
TCCTACATCCACGGCC-1,1,46,84,7172,11018
TTCAGCCCTGGTCCAC-1,1,47,85,7057,11213
TTAGAGTTTAGAAGGA-1,1,46,86,6946,11016
GGTTAGCTATATGTCT-1,1,47,87,6831,11211
CTGGTTTCGAGCAAGA-1,1,46,88,6720,11014
TGGGCCCATACTAATT-1,1,47,89,6605,11209
ACTTATTTATGTGCCA-1,1,46,90,6494,11012
TTAGTTATTCGTGGCA-1,1,47,91,6379,11207
AACCGCTAAGGGATGC-1,1,46,92,6267,11010
ATACGTCCACTCCTGT-1,1,47,93,6153,11205
CGACACGCTCCGACAG-1,1,46,94,6041,11008
TCTGAACTCGTACCCG-1,1,47,95,5926,11203
AGGATATAGGGATTTA-1,1,46,96,5815,11006
GTGATCACTAACGCCT-1,1,47,97,5700,11201
ACCGGGCCTTTGTTGA-1,1,46,98,5589,11004
TTGACAGGAGCTCCCG-1,1,47,99,5474,11200
CTCTTCTATTGACTGG-1,1,46,100,5363,11002
CGTGGCCGAATATCTA-1,1,47,101,5248,11198
GGTTTAGCCTTTCTTG-1,1,46,102,5137,11000
TCAAGGTTACTACACC-1,1,47,103,5022,11196
TTGACTATTGTCCGGC-1,1,46,104,4910,10998
CGGGAATATAGTATAC-1,1,47,105,4796,11194
GCAACAGCAGTATGCG-1,1,46,106,4684,10996
ATCAAACACTGTTCCA-1,1,47,107,4570,11192
TGGGCAATAGTTGGGT-1,1,46,108,4458,10994
TGAATGTCAGCCGGCC-1,1,47,109,4343,11190
CGGCTCTAAAGCTGCA-1,0,46,110,4232,10992
GGACACAAGTTTACAC-1,0,47,111,4117,11188
CCGAGAAGTCGCATAA-1,0,46,112,4006,10990
AACTACCCGTTTGTCA-1,0,47,113,3891,11186
GCACAAACGAGGCGTG-1,0,46,114,3780,10988
CACACAGCTTGCGCTC-1,0,47,115,3665,11184
GTGCTTACATCAGCGC-1,0,46,116,3554,10986
GCAAACGTCGCCAGGT-1,0,47,117,3439,11182
GAATAGCATTTAGGGT-1,0,46,118,3327,10984
TACTGTTTCTCTGGTA-1,0,47,119,3213,11180
TCCTATCATAGGTAAC-1,0,46,120,3101,10982
TTCGGTGGAGACGCCC-1,0,47,121,2986,11178
TGTTGCCGTCGTCCCA-1,0,46,122,2875,10980
CCAACTTGATAGATCC-1,0,47,123,2760,11176
CAAAGGTCATCTGAAA-1,0,46,124,2649,10978
CTAGCTTAATGGTCCC-1,0,47,125,2534,11174
AGGCCACATTGGTTAC-1,0,46,126,2423,10976
TTAGGATGGGAGGGTA-1,0,47,127,2308,11172
TATGACCTTGCGCTGG-1,0,48,0,16667,11494
ATATACATGTATGGTA-1,0,49,1,16552,11690
TGTGTGACCATGAATC-1,0,48,2,16441,11492
CCCACTCCACGGTATC-1,0,49,3,16326,11688
GGGCAGACGTCACTGC-1,0,48,4,16215,11490
TCAAAGAGCTATCTGT-1,0,49,5,16100,11686
AGATGCATCCTGTGTC-1,0,48,6,15989,11488
GTGAAGTCACGACTCG-1,0,49,7,15874,11684
TGATTCAGGTCCCGCG-1,0,48,8,15762,11486
CGCCACAGGTCGCGAT-1,0,49,9,15648,11682
TTGAATCGTTGTATAA-1,0,48,10,15536,11484
TGGCCAATTTGGTACT-1,0,49,11,15422,11680
CGACCCTTAACGCCGG-1,0,48,12,15310,11482
TCGGCGTACTGCACAA-1,0,49,13,15195,11678
GAGTAAGGCCACGGGA-1,0,48,14,15084,11480
ATCAGCTCGTCCACTA-1,0,49,15,14969,11676
AGGATCACGCGATCTG-1,0,48,16,14858,11478
AAATGGCCCGTGCCCT-1,0,49,17,14743,11674
CAGTACCAGTTTACGT-1,0,48,18,14632,11476
GGTCGTAAGCTCGCAC-1,0,49,19,14517,11672
CGTTCATGGTGCGCGT-1,0,48,20,14406,11474
GACTACAAAGCGGTGG-1,0,49,21,14291,11670
CAGCTGGCGTAACCGT-1,0,48,22,14179,11472
ACTCGTAACCCGTCCT-1,0,49,23,14065,11668
CATATGTCAGGCTACG-1,0,48,24,13953,11470
GCCCGACTTCTTCCCG-1,0,49,25,13838,11666
CTGGCATCCGAATGAG-1,0,48,26,13727,11468
AAGTGCGTTAGAATCT-1,0,49,27,13612,11664
AGAAGTGATTCGTGAT-1,0,48,28,13501,11466
TACCTTAAGATTTCCC-1,0,49,29,13386,11662
AATGACAGCAATGTCT-1,0,48,30,13275,11464
TCAACGCAGGAAATAA-1,0,49,31,13160,11660
TATTCCTCCGCCCACT-1,0,48,32,13049,11462
ATCAAACGAAGGTTTG-1,0,49,33,12934,11658
TTGATTAGCTGTTTCT-1,0,48,34,12822,11460
CTGCTGAGGCCACGAA-1,0,49,35,12708,11656
CCGTGTTAAATTCCAT-1,0,48,36,12596,11458
CACGTCGGCAACCTCT-1,0,49,37,12481,11654
GTATTCTGAGAAACGA-1,0,48,38,12370,11456
CGGTGCGCGTTGGTCC-1,0,49,39,12255,11652
GTGATTCGCCGCTCAA-1,0,48,40,12144,11454
GCCCGCGCGTAAACGG-1,0,49,41,12029,11650
AACGTACTGTGGGTAC-1,0,48,42,11918,11452
GAGTATGCCCGCCTTG-1,0,49,43,11803,11648
TGATTCTGTCGCCGGT-1,1,48,44,11692,11451
GGGCGGCAAATGAATT-1,0,49,45,11577,11646
TTCCAATCTGGCTATC-1,1,48,46,11466,11449
GGAACCGTGTAAATTG-1,1,49,47,11351,11644
TTGGTCACACTCGTAA-1,1,48,48,11239,11447
CGAACCCGCATGCGTC-1,1,49,49,11125,11642
GGGCGTCACCACGTAA-1,1,48,50,11013,11445
TACCAGAAGTAGGTTC-1,1,49,51,10898,11640
TTGGATATCGTCTACG-1,1,48,52,10787,11443
TAGATATGGACTGGAA-1,1,49,53,10672,11638
GCGACGATAGTTGTAC-1,1,48,54,10561,11441
CTGGATTTACACTTGA-1,1,49,55,10446,11636
GTTATATTATCTCCCT-1,1,48,56,10335,11439
TATTCCACTCAGCTCG-1,1,49,57,10220,11634
CTGTTACCCAATCTAG-1,1,48,58,10109,11437
ACGCGAAGTCAGACGA-1,1,49,59,9994,11632
GATAGGTAACGTTGAC-1,1,48,60,9882,11435
TGTTCGTATTGCGGTG-1,1,49,61,9768,11631
GGTCAGTGGGTCCCAC-1,1,48,62,9656,11433
AATTCTAGAGTTAGGC-1,1,49,63,9541,11629
GTTTACGTTCCATCTG-1,1,48,64,9430,11431
AGACCCACCGCTGATC-1,1,49,65,9315,11627
TCTAGCATGCCCAGAA-1,1,48,66,9204,11429
CCCGCAGCGCGAACTA-1,1,49,67,9089,11625
CTCTATTTGGCTGCAG-1,1,48,68,8978,11427
TTCTGCCGCGCCTAGA-1,1,49,69,8863,11623
ACTCCCTAGAATAGTA-1,1,48,70,8752,11425
CCGAACCTTCCCGGCC-1,1,49,71,8637,11621
TCAGACGCTATAGAAG-1,1,48,72,8526,11423
CAGGCGCCATGCTAGG-1,1,49,73,8411,11619
CACTCGAGCTGAACAA-1,1,48,74,8299,11421
ACAAGGAAATCCGCCC-1,1,49,75,8185,11617
ACCACGTGCAGCTATA-1,1,48,76,8073,11419
ACGGCGACGATGGGAA-1,1,49,77,7958,11615
TTACTAAAGGACTTTA-1,1,48,78,7847,11417
GGCTGAAATAGCAAAG-1,1,49,79,7732,11613
TTAGACGAGTCACCTC-1,1,48,80,7621,11415
GTAGTCGCGGGAATCA-1,1,49,81,7506,11611
GCAAACCCTACATTAT-1,1,48,82,7395,11413
GTTAAAGTAGGACTGG-1,1,49,83,7280,11609
ACCCTCCCTTGCTATT-1,1,48,84,7169,11411
CATGTCTCATTTATGG-1,1,49,85,7054,11607
AATAGAATCTGTTTCA-1,1,48,86,6942,11409
TCTCATGAGATAGGGT-1,1,49,87,6828,11605
ATGACTATGCGACATT-1,1,48,88,6716,11407
CCTAACCCAAACAAGT-1,1,49,89,6601,11603
AGTCAAGATGACACTT-1,1,48,90,6490,11405
CGGGAGCTTCAGTGTA-1,1,49,91,6375,11601
CCACAGTACCCATCCT-1,1,48,92,6264,11403
GAGCGCGCACGAGTAG-1,1,49,93,6149,11599
ACCAGTGCGGGAGACG-1,1,48,94,6038,11401
TCCTTACGACGGTCCG-1,1,49,95,5923,11597
TAGTCGATCACGGGTT-1,1,48,96,5812,11399
AGACGAAGTGCCGGTC-1,1,49,97,5697,11595
CGCTGGTGACTACCCT-1,1,48,98,5585,11397
AGGCATTGTCGTAGGG-1,1,49,99,5471,11593
TGGTAGAATATATGGG-1,1,48,100,5359,11395
TTCTTATCCGCTGGGT-1,1,49,101,5245,11591
AGTTTGGCACGGGTTG-1,1,48,102,5133,11393
GCATCGGCCGTGTAGG-1,1,49,103,5018,11589
ATGCGAGTCCCACCAC-1,1,48,104,4907,11391
TCGGCGAACCCAAACC-1,1,49,105,4792,11587
AGAGTAAACTTCACTA-1,1,48,106,4681,11389
AAGCCGAAGCGGTTTA-1,1,49,107,4566,11585
CCCGAGTTTCTCCGTA-1,1,48,108,4455,11387
AATATCGAATCAATGC-1,1,49,109,4340,11583
GCGCCTCCCACTCCGA-1,1,48,110,4229,11385
CGTTAAACTAGTTAGG-1,0,49,111,4114,11581
TGAGTTAAAGACATTC-1,0,48,112,4002,11383
AACAGGTAGTATGGAT-1,0,49,113,3888,11579
GAACGCGGGTCACACG-1,0,48,114,3776,11381
TGTTTGAGATCGTCAG-1,0,49,115,3661,11577
ATCTCGTGAGCGAAAC-1,0,48,116,3550,11380
CTGAGAAAGTTCGGCG-1,0,49,117,3435,11575
ATTACCACACTGCCTG-1,0,48,118,3324,11378
CTGCTGTCTAACGAGC-1,0,49,119,3209,11573
CGTGGAAGCCTCGTAC-1,0,48,120,3098,11376
GGACTCACAAATTAGG-1,0,49,121,2983,11571
CTTTGCTGTCATGGAT-1,0,48,122,2872,11374
GGTGTTGGGCGTCTTA-1,0,49,123,2757,11569
TACCATGTATTGATTT-1,0,48,124,2645,11372
GGTCTCCAAGTAGTGC-1,0,49,125,2531,11567
ATCCTTCTGAAAGAAC-1,0,48,126,2419,11370
CCGGAAGTTATCAGTC-1,0,49,127,2305,11565
TTAGAGGGATATACAG-1,0,50,0,16664,11887
TTGTACACCTCGAACA-1,0,51,1,16549,12083
GTGGGTACTGAGCGTA-1,0,50,2,16437,11885
CTTAAGCAGCGAGCCG-1,0,51,3,16323,12081
GCATTGACTTGCGGAA-1,0,50,4,16211,11883
CCATAACCTGTGCAGT-1,0,51,5,16097,12079
GGGCTACTATTTCGTG-1,0,50,6,15985,11882
GGCGAGCGAAACGGCA-1,0,51,7,15870,12077
GGAGACCATCTACATA-1,0,50,8,15759,11880
AGACCAAACCACACCT-1,0,51,9,15644,12075
CGACGCATCCGTACCT-1,0,50,10,15533,11878
CCTAGGTAAAGGTAGC-1,0,51,11,15418,12073
AGCGGCGGTTAGCGGT-1,0,50,12,15307,11876
CTGGACGCAGTCCGGC-1,0,51,13,15192,12071
AGCCTAATACCCACGT-1,0,50,14,15081,11874
AATCTGGCTTTCTAGT-1,0,51,15,14966,12069
CACCCTTGGTGAGACC-1,0,50,16,14854,11872
GGATCTTGACTCAACC-1,0,51,17,14740,12067
ACGAGGATACCACTCT-1,0,50,18,14628,11870
GAGTTGATGGCAATTT-1,0,51,19,14513,12065
GTGGCAAACAGCGGCA-1,0,50,20,14402,11868
GATGTAACGAACCACC-1,0,51,21,14287,12063
AGCCGTGGCTAAATGT-1,0,50,22,14176,11866
CTCCCTCCTTTCGATC-1,0,51,23,14061,12061
TTGGAAGAATACAGTC-1,0,50,24,13950,11864
AGTTAAGTCAACCGCT-1,0,51,25,13835,12060
CTCATGGTAATTTGCG-1,0,50,26,13724,11862
AAAGTAGCATTGCTCA-1,0,51,27,13609,12058
TTGTGGTAGGAGGGAT-1,0,50,28,13497,11860
AGTCGTGGGCATTACG-1,0,51,29,13383,12056
ACCTAAGTACCTTTCA-1,0,50,30,13271,11858
GTAGAGGGAGACAAGT-1,0,51,31,13157,12054
GATCCTCGACACTGGC-1,0,50,32,13045,11856
CCTACATTCACAGACG-1,0,51,33,12930,12052
TTGACCGTGTTAATGA-1,0,50,34,12819,11854
TCTGTTACCCAGCATA-1,0,51,35,12704,12050
CTAACTGGTCCGGTTC-1,0,50,36,12593,11852
AGCGACAGGAACGGTC-1,0,51,37,12478,12048
TAATAGAACAGAGTTA-1,0,50,38,12367,11850
ACAGGTGGAGGTGAGG-1,0,51,39,12252,12046
TGCGAGAATATTACCC-1,0,50,40,12141,11848
TTGCGTCGGCCAACCG-1,0,51,41,12026,12044
AGGCTTCCCGAAGAAG-1,0,50,42,11914,11846
GCGGACCGCGTTGTGG-1,0,51,43,11800,12042
GTAATCTGATTCTTCG-1,0,50,44,11688,11844
CCGCGGAATGCGTCAC-1,0,51,45,11573,12040
TTCCACACAGATTTGA-1,1,50,46,11462,11842
CTTCTATTAATGCTAG-1,1,51,47,11347,12038
CATTTGAGTGGTACGT-1,1,50,48,11236,11840
TCACAGCAAACTCGAA-1,1,51,49,11121,12036
CAGACGAACCTGATAC-1,1,50,50,11010,11838
TAGCTAGAAGGCATGA-1,1,51,51,10895,12034
ATCCAGAGCAACAACC-1,1,50,52,10784,11836
TCCGGTTCGTCCGGTC-1,1,51,53,10669,12032
CGCGCATGTTTGATTG-1,1,50,54,10557,11834
TGGCGATCAAGTTATG-1,1,51,55,10443,12030
CCCTTTGACAGGTCTT-1,1,50,56,10331,11832
CAGAGACGGTCACCCA-1,1,51,57,10217,12028
TAGCTCGCCTGATAAC-1,1,50,58,10105,11830
TTGTGTTTCCCGAAAG-1,1,51,59,9990,12026
TATACACAGACGCCTT-1,1,50,60,9879,11828
ACATTAGTTTATATCC-1,1,51,61,9764,12024
CCATCGCAGTTAAACT-1,1,50,62,9653,11826
AATTAGCGCTGCAGCG-1,1,51,63,9538,12022
TCCGCTTATCCCATTA-1,1,50,64,9427,11824
GTTTGGGCTTGTGAGC-1,1,51,65,9312,12020
CTTGTCAACATTCGAG-1,1,50,66,9201,11822
GGACCAACAGGATAAC-1,1,51,67,9086,12018
AAGCTAGATCGAGTAA-1,1,50,68,8974,11820
TACCGTGCCTCGGACC-1,1,51,69,8860,12016
GTAGCCAAACATGGGA-1,1,50,70,8748,11818
TGCCAGTACGTGGAGA-1,1,51,71,8633,12014
ATAAGGTGGAGAACAT-1,1,50,72,8522,11816
CTTTAATATTGGTCGA-1,1,51,73,8407,12012
TGGTTCAACGGGTAAT-1,1,50,74,8296,11814
GCTGCTACTGCGTAGC-1,1,51,75,8181,12010
CTGCACAACTACATAT-1,1,50,76,8070,11812
ATATTCCACATAGTGA-1,1,51,77,7955,12008
TGGCAAACTAAATTAC-1,1,50,78,7844,11810
ACCGCAATAACTGCCT-1,1,51,79,7729,12006
TCGCACCAGGAGGCAG-1,1,50,80,7617,11809
ACTTCAGGCTGATCCC-1,1,51,81,7503,12004
ACAAATCGCACCGAAT-1,1,50,82,7391,11807
TCTGATGTATTCTGTC-1,1,51,83,7277,12002
CTTTACCGAATAGTAG-1,1,50,84,7165,11805
GCAGATCCATAAGACT-1,1,51,85,7050,12000
TTCCTCGGACTAACCA-1,1,50,86,6939,11803
TTATCCGGGATCTATA-1,1,51,87,6824,11998
CTGGAAGACACGGTGG-1,1,50,88,6713,11801
GTTCGTCTAAAGAACT-1,1,51,89,6598,11996
GTCTATTGGTTCCGGT-1,1,50,90,6487,11799
CTAGGCGCCCTATCAG-1,1,51,91,6372,11994
AACGGACGTACGTATA-1,1,50,92,6261,11797
AACACACGCTCGCCGC-1,1,51,93,6146,11992
GCTACTATAGTAGAGT-1,1,50,94,6034,11795
AGCATATCAATATGCT-1,1,51,95,5920,11990
CGAACAGTATGGGCGT-1,1,50,96,5808,11793
ACAATTGTGTCTCTTT-1,1,51,97,5693,11989
GATCGCTACCCGATTT-1,1,50,98,5582,11791
ATTGCGATCAGTAACT-1,1,51,99,5467,11987
CAGCAGTCCAGACTAT-1,1,50,100,5356,11789
AGAGGCTTCGGAAACC-1,1,51,101,5241,11985
AAACAAGTATCTCCCA-1,1,50,102,5130,11787
GGCAGCAAACCTATGC-1,1,51,103,5015,11983
ACTAGTTGCGATCGTC-1,1,50,104,4904,11785
TTGGACCATCTGGCAA-1,1,51,105,4789,11981
CCCTCCTCGCTCGTAT-1,1,50,106,4677,11783
GAGCGCAAATACTCCG-1,1,51,107,4563,11979
ATTACATGTCAGTCTT-1,1,50,108,4451,11781
TTGGGACGTAAGAGTT-1,1,51,109,4336,11977
CTTCGGCCAATTGTTT-1,1,50,110,4225,11779
AGACCGCTCCGCGGTT-1,0,51,111,4110,11975
GACCGCGTCTGACGTG-1,1,50,112,3999,11777
CCAAATAACAAGATTC-1,0,51,113,3884,11973
TCTTTAGAGTCTAACA-1,0,50,114,3773,11775
CTCCCAATGAGTCGCG-1,0,51,115,3658,11971
TAGTCTTTCCGAATTG-1,0,50,116,3547,11773
GAGTAAACCGGAAAGT-1,0,51,117,3432,11969
GATCTCGACGCTGTGG-1,0,50,118,3321,11771
CTGACATAGAAATAGA-1,0,51,119,3206,11967
TATACCGAGTGCCACA-1,0,50,120,3094,11769
TCCGAACGTTGCCGCT-1,0,51,121,2980,11965
GCAGAAGGTAATCTCC-1,0,50,122,2868,11767
GGTACTAAGTGCTTTG-1,0,51,123,2753,11963
CAGAATATTCGTTATC-1,0,50,124,2642,11765
TAATCAACCAAATGGG-1,0,51,125,2527,11961
TCTGCTTAGAACAAGC-1,0,50,126,2416,11763
AACTGAGTTATACTGA-1,0,51,127,2301,11959
CCTCAACGATCGCTGT-1,0,52,0,16660,12281
CGGTACGGCAAACCCA-1,0,53,1,16545,12477
CAGATGTTTGTCCCAA-1,0,52,2,16434,12279
GTTTGTTAGCCAAGTA-1,0,53,3,16319,12475
ACGTGACAAAGTAAGT-1,0,52,4,16208,12277
TTGTCACCGCGGTATC-1,0,53,5,16093,12473
GATCTAACCGTATTCA-1,0,52,6,15982,12275
ATGGAAATTTAAGGAG-1,0,53,7,15867,12471
ATTGATCACCACATTT-1,0,52,8,15756,12273
ACTGCTCGGAAGGATG-1,0,53,9,15641,12469
TCTAAAGAACAGTCTC-1,0,52,10,15529,12271
CTGGGTTGAGTTAAAG-1,0,53,11,15415,12467
CCCAGTAAACTTGGGA-1,0,52,12,15303,12269
AGATTCACAACCGATA-1,0,53,13,15188,12465
AGAAGGTACACTTCAC-1,0,52,14,15077,12267
GCAGGAACTTAGATCT-1,0,53,15,14962,12463
AATCTAGGTTTACTTG-1,0,52,16,14851,12265
CCCGGTGTATCGGAAT-1,0,53,17,14736,12461
TTATCCTCAAGGAATA-1,0,52,18,14625,12263
AGCATCATTTCGAAAG-1,0,53,19,14510,12459
CGCGAGTCTGCCGGGT-1,0,52,20,14399,12261
TGCGTCATGACTGAGC-1,0,53,21,14284,12457
GTATGAAATTTCACTC-1,0,52,22,14173,12259
TTGGTTGCGGTGCGCG-1,0,53,23,14058,12455
ACAGAACTGAGAACAA-1,0,52,24,13946,12257
CTACTATCATAGGTTT-1,0,53,25,13832,12453
CCTCTATCGATTAGCA-1,0,52,26,13720,12255
CCGTATCTCGTCGTAG-1,0,53,27,13605,12451
TCACGATGTCCGTGGA-1,0,52,28,13494,12253
TCAACAAAGATAATTC-1,0,53,29,13379,12449
ATGACGCGTTCTATCC-1,0,52,30,13268,12251
ATTTGCGCGAGTAGCT-1,0,53,31,13153,12447
TTCTTGGACGATCTGC-1,0,52,32,13042,12249
AGACGACGATGCCGCT-1,0,53,33,12927,12445
GGTCTCTGAATGGACT-1,0,52,34,12816,12247
GCTCAATCCGTTTATT-1,0,53,35,12701,12443
CCAGAAAGCAACTCAT-1,0,52,36,12589,12245
CACCGTTAGGGATCAC-1,0,53,37,12475,12441
AATAACACTAGAACAA-1,0,52,38,12363,12243
CACCCGGTTTGTGACT-1,0,53,39,12248,12439
CCACCAACTTTACTGT-1,0,52,40,12137,12241
AACTCTCAGTGTGCTC-1,0,53,41,12022,12437
AAACCGTTCGTCCAGG-1,0,52,42,11911,12240
CAGCGATTCCCTTCAA-1,0,53,43,11796,12435
GCTAGCTTGAATAGCT-1,0,52,44,11685,12238
TTGCGGCATCAGAAAG-1,0,53,45,11570,12433
AATAGAACAGAGTGGC-1,0,52,46,11459,12236
GCCATCGAGCTGCGTG-1,0,53,47,11344,12431
ACACTGATCAAGGTGT-1,1,52,48,11232,12234
ACCAACGCTTATTTAT-1,1,53,49,11118,12429
GACATCGATTTATAAC-1,1,52,50,11006,12232
CAGACACCGATCGCTG-1,1,53,51,10892,12427
CCAAGAAAGTGGGCGA-1,1,52,52,10780,12230
GGTAGACCGTTGGGCG-1,1,53,53,10665,12425
TCGTTAGGAGTCCCTA-1,1,52,54,10554,12228
ACGGCCAACATGGACT-1,1,53,55,10439,12423
GTGAGTGGTACAACGC-1,1,52,56,10328,12226
GAGACTTCGCGACCGA-1,1,53,57,10213,12421
GAAGTCAGTTGCACTA-1,1,52,58,10102,12224
GTTTGGTAGGGTCAAC-1,1,53,59,9987,12419
ACGGCACTTGCTTGGG-1,1,52,60,9876,12222
CCTCTGTACTATTCTA-1,1,53,61,9761,12418
CTATTCATGTGTCCCA-1,1,52,62,9649,12220
GCCCGATCTGTGGTCG-1,1,53,63,9535,12416
TTAGAAGAACATGACT-1,1,52,64,9423,12218
AGGATAAAGTCGGGAT-1,1,53,65,9308,12414
CGGCAAACATCGTGCG-1,1,52,66,9197,12216
CTAGTTACAACCCGGT-1,1,53,67,9082,12412
TTCGACAGAGCCCGTG-1,1,52,68,8971,12214
AAGCATACTCTCCTGA-1,1,53,69,8856,12410
GACGACGATCCGCGTT-1,1,52,70,8745,12212
GGTAGAAGACCGCCTG-1,1,53,71,8630,12408
GAGATGGGAGTCGACA-1,1,52,72,8519,12210
AACGATAATGCCGTAG-1,1,53,73,8404,12406
TGGTCCCACGCTACGG-1,1,52,74,8292,12208
CTGCTTGGCGATAGCT-1,1,53,75,8178,12404
ATCGGAGACAGACGGC-1,1,52,76,8066,12206
TAGCGTCCGGTGTGGT-1,1,53,77,7952,12402
GTTGAGTCCCGCCGGT-1,1,52,78,7840,12204
AAATAGGGTGCTATTG-1,1,53,79,7725,12400
AAGTGTTTGGAGACGG-1,1,52,80,7614,12202
AGCACTACCTCACCAG-1,1,53,81,7499,12398
TGCCTTGGCCAGGCAA-1,1,52,82,7388,12200
TCGTCTTAGGCGTTAA-1,1,53,83,7273,12396
TTCTGACCGGGCTCAA-1,1,52,84,7162,12198
CAGAACTTAGCCCTCT-1,1,53,85,7047,12394
AGCTCCTTCGCACATC-1,1,52,86,6936,12196
ACAGGCTTGCCCGACT-1,1,53,87,6821,12392
GCTATACGTCTCGGAC-1,1,52,88,6709,12194
GAGCCAGCTACCTGTG-1,1,53,89,6595,12390
TGCTAAGTGTCTATTT-1,1,52,90,6483,12192
GTCCTACGAATAGTCT-1,1,53,91,6368,12388
CAGTGTCGGCTGGCCC-1,1,52,92,6257,12190
CTATCGACGAAATACA-1,1,53,93,6142,12386
CATCATTACCCTGAGG-1,1,52,94,6031,12188
TAAGTTGCGACGTAGG-1,1,53,95,5916,12384
AGTGCACGCTTAAGAA-1,1,52,96,5805,12186
TGTGCCGGTGCCGGAA-1,1,53,97,5690,12382
AGGAGGCCTTCGCGCG-1,1,52,98,5579,12184
TCCGCGGCCCAATGAA-1,1,53,99,5464,12380
TCCGTTAAGCTAATAT-1,1,52,100,5352,12182
AAATCTAGCCCTGCTA-1,1,53,101,5238,12378
CGCAGGCGATCCAAAC-1,1,52,102,5126,12180
CCATATGGAAACTATA-1,1,53,103,5012,12376
CACCGTATCCCATCCG-1,1,52,104,4900,12178
GGTCAAGACTACTTCG-1,1,53,105,4785,12374
CCCGTTTCGCAGATGT-1,1,52,106,4674,12176
GTTATAATACGGTGAA-1,0,53,107,4559,12372
ACTTGTGGATGGAACG-1,1,52,108,4448,12174
GTTCGCTGAGACGTCT-1,0,53,109,4333,12370
GACACTGGAACCCGAT-1,1,52,110,4222,12172
CCCAGGTCTGAAGGCT-1,0,53,111,4107,12368
TCTCGAGGAGGTTCGC-1,0,52,112,3996,12170
ACTATCTGCCCGCGTA-1,0,53,113,3881,12366
CCTAAATTGTATCCTA-1,0,52,114,3769,12169
AGAAATTATGACTCGC-1,0,53,115,3655,12364
TCCAGCGCTATAAGCG-1,0,52,116,3543,12167
TCGTGTATTGGTCACG-1,0,53,117,3428,12362
CCACATACTGCACCCA-1,0,52,118,3317,12165
GTTGCGGACGGTCAGG-1,0,53,119,3202,12360
GTATTTAATGGCATAA-1,0,52,120,3091,12163
GTCGATAGGTGACTTT-1,0,53,121,2976,12358
AATAATCTTCGTATCG-1,0,52,122,2865,12161
ATTGTTCAACGATCCG-1,0,53,123,2750,12356
GTGCAGCGTAGAGTAG-1,0,52,124,2639,12159
TGTGGTAGGGTGCCTT-1,0,53,125,2524,12354
TGTGGACTATCTACGT-1,0,52,126,2412,12157
GGCGGGCTCTAAGAGT-1,0,53,127,2298,12352
TGTGCCAGAGGCAAAG-1,0,54,0,16657,12674
TGGCTTATGTATAATG-1,0,55,1,16542,12870
GCAAGCTGGAAACCGC-1,0,54,2,16431,12672
GATATCAAGCAGGAGC-1,0,55,3,16316,12868
CACCAATCATCCGTCT-1,0,54,4,16204,12670
CCACATGGCTCTTTAT-1,0,55,5,16090,12866
GTCCTACTCTACGGGC-1,0,54,6,15978,12669
CTCGAGACATACGATA-1,0,55,7,15864,12864
TATCAGTGGCGTAGTC-1,0,54,8,15752,12667
TGACAGGACAAGTCCA-1,0,55,9,15637,12862
TATTAACACCAAAGCA-1,0,54,10,15526,12665
TAGGCGATGAGGTCTC-1,0,55,11,15411,12860
CCGCCGGAACTTCTCG-1,0,54,12,15300,12663
GCCATTAGCCTCAAAC-1,0,55,13,15185,12858
GTTAGGCTACCCGTTT-1,0,54,14,15074,12661
GGGTATTCTAGCAAAC-1,0,55,15,14959,12856
GCCCTAGCCGTCGCGA-1,0,54,16,14848,12659
CAGATCCTGGTTTGAA-1,0,55,17,14733,12854
CTTCAGTGGTCGCCTA-1,0,54,18,14621,12657
GGGCAACCGCACGTGC-1,0,55,19,14507,12852
GACCCAATTATGATAC-1,0,54,20,14395,12655
GAAGCTCGGACCCGTC-1,0,55,21,14280,12850
CGTCGGGTCTAAGCGC-1,0,54,22,14169,12653
GAGGCCCGACTCCGCA-1,0,55,23,14054,12849
TTGCCATAGCCCGCTC-1,0,54,24,13943,12651
TAACATACACGCGATC-1,0,55,25,13828,12847
CCGACGGGCATGAGGT-1,0,54,26,13717,12649
AATGTGCCCGAGGTGT-1,0,55,27,13602,12845
AGCTGTAACCTCAATC-1,0,54,28,13491,12647
CGAGTGAAGGTACCAG-1,0,55,29,13376,12843
AGTCTCACAAGACTAC-1,0,54,30,13264,12645
AAATTGATAGTCCTTT-1,0,55,31,13150,12841
TAAGTCGCCGAGTATC-1,0,54,32,13038,12643
GCGGAGAAACTTCGCA-1,0,55,33,12924,12839
GGCAAAGGCGCCAATA-1,0,54,34,12812,12641
ATTTCCGGGTTCTGCG-1,0,55,35,12697,12837
TAAACCCAGGAGGGCA-1,0,54,36,12586,12639
TTCGGGCGCTAGTCTT-1,0,55,37,12471,12835
GTGGAGTCGGCGGTTG-1,0,54,38,12360,12637
GCACGCCTACTTAGAT-1,0,55,39,12245,12833
CAATATTCTTGACCTA-1,0,54,40,12134,12635
CGTTTGTGTAGAGGGT-1,0,55,41,12019,12831
CATAGCGTTGCCCACC-1,0,54,42,11908,12633
TGATACATTTAGCCGT-1,0,55,43,11793,12829
TTCCGGCCTTGAGGCT-1,0,54,44,11681,12631
CCTATACCGTCCTGTC-1,0,55,45,11567,12827
TCGTTGCTATCCGGTC-1,0,54,46,11455,12629
TGGCGACTGCTCCAAA-1,0,55,47,11340,12825
CAGAGGCGATGCATGA-1,0,54,48,11229,12627
TCACAGGAGAATAAGA-1,0,55,49,11114,12823
GGGTTAACATTTGAGT-1,0,54,50,11003,12625
GCGGGCGAGCCTTACC-1,0,55,51,10888,12821
TGCCAATGGGTACTCT-1,1,54,52,10777,12623
AGGGACTCTACGCGAC-1,1,55,53,10662,12819
GACGCCGTAAAGGCTA-1,1,54,54,10551,12621
AAAGGCTCTCGCGCCG-1,1,55,55,10436,12817
CTGGCTGGTTGTCAGT-1,1,54,56,10324,12619
ACATCCCGGCCATACG-1,1,55,57,10210,12815
CTCTTGTCCCGCTTGG-1,1,54,58,10098,12617
TACGCCTCCATTCCGA-1,1,55,59,9984,12813
CGGAGCAATTTAATCG-1,1,54,60,9872,12615
AACTAGGCTTGGGTGT-1,1,55,61,9757,12811
GCGTCGCCAGGGTGAT-1,1,54,62,9646,12613
GTTGGTCATGCTATCC-1,1,55,63,9531,12809
GCTGGCGGCGCATGCT-1,1,54,64,9420,12611
TGAGCGGAAAGTGTTC-1,1,55,65,9305,12807
CTTTCTGTGCGGGCTT-1,1,54,66,9194,12609
ATCTAATATCCTACGG-1,1,55,67,9079,12805
AACCTTTAAATACGGT-1,1,54,68,8968,12607
TTCACTCGAGCACCTA-1,1,55,69,8853,12803
CTGCACTCCAGTACAG-1,1,54,70,8741,12605
CCATTTCTACCTATTA-1,1,55,71,8627,12801
CAAGCGGCACATAATT-1,1,54,72,8515,12603
GTTAACATCACTTAAA-1,1,55,73,8400,12799
ATATAAATGTAGCTGC-1,1,54,74,8289,12601
GCCTCTATACATAGCA-1,1,55,75,8174,12797
GTGTCGTATAGCGTTC-1,1,54,76,8063,12599
ATACGTACTTAGCCAC-1,1,55,77,7948,12795
GCTATCATACTCATGG-1,1,54,78,7837,12598
TATCCAATTGGTTATC-1,1,55,79,7722,12793
TCTCCCTGGGCAGCGT-1,1,54,80,7611,12596
CCTATAATGAGTGCCC-1,1,55,81,7496,12791
CAATGCGAGAAGTATC-1,1,54,82,7384,12594
TACCAATAAAGTACCA-1,0,55,83,7270,12789
GCTAGGCACCACGGAG-1,1,54,84,7158,12592
GGTGGACTGCTCTGGC-1,1,55,85,7043,12787
TATTCCGAGCTGTTAT-1,1,54,86,6932,12590
TTGAGAAGTTTAGCAT-1,1,55,87,6817,12785
GTCCGGACCTGAAATT-1,1,54,88,6706,12588
CTGTGGTCGGGAGATA-1,1,55,89,6591,12783
CATGTAAGAGACATTT-1,1,54,90,6480,12586
CACGTTTCGTACACAC-1,1,55,91,6365,12781
CATCCTCTCAAAGATC-1,1,54,92,6254,12584
GATTAACCGAAAGCCC-1,1,55,93,6139,12779
AACGCTGTTGCTGAAA-1,1,54,94,6028,12582
TTCAGCTGGCGTGCCC-1,1,55,95,5913,12778
TAGAGGTTCTACTTGT-1,1,54,96,5801,12580
GTATCAAACGTTAGCT-1,1,55,97,5687,12776
AATCATGTAAAGACTC-1,1,54,98,5575,12578
AGTCACTAGCTCTCGA-1,1,55,99,5460,12774
GCGAAACGATCGGGAG-1,1,54,100,5349,12576
CATGGATTGTCTTCCG-1,1,55,101,5234,12772
ATTGGATTACAGCGTA-1,1,54,102,5123,12574
CACACACGCTAACGAG-1,1,55,103,5008,12770
CTATGGGAAGCGGAAT-1,1,54,104,4897,12572
TGCCTAATTGAAGATT-1,0,55,105,4782,12768
TGGCAATGGGACGGCG-1,0,54,106,4671,12570
ACCTCCGCCCTCGCTG-1,0,55,107,4556,12766
CGGCAATAAGATCGCC-1,0,54,108,4444,12568
CCTTGACCACTTTATT-1,0,55,109,4330,12764
TCATTTAGAAGTGTGA-1,0,54,110,4218,12566
CAGAATAACACACGGA-1,0,55,111,4103,12762
TCTGAGCAATTGACTG-1,0,54,112,3992,12564
CAACGTGGTGGAGTCT-1,0,55,113,3877,12760
CACAGTTCGCTTCCCA-1,0,54,114,3766,12562
TCTCTCGCCGCACATA-1,0,55,115,3651,12758
TGGGCAGGCCACCGCA-1,0,54,116,3540,12560
CTCCTGTTCAAGGCAG-1,0,55,117,3425,12756
TATTTGATTTGCACAG-1,0,54,118,3314,12558
GCCACTCCTTACGGTA-1,0,55,119,3199,12754
ACCGATATTTAATCAT-1,0,54,120,3087,12556
TTATTATCTGGAAGGC-1,0,55,121,2973,12752
TACATGCCGGAATTGT-1,0,54,122,2861,12554
GGCACTCAGCCGACCC-1,0,55,123,2747,12750
AAACCGGAAATGTTAA-1,0,54,124,2635,12552
AGACAGGCATCTCAGC-1,0,55,125,2520,12748
GTGGTGATGGTTTGTG-1,0,54,126,2409,12550
CCGATATGACGTAAGG-1,0,55,127,2294,12746
CATACACAAAGTCAGC-1,0,56,0,16653,13068
TGCCGTTCTTAATCGG-1,0,57,1,16539,13264
TCGAGTCTACGATTCG-1,0,56,2,16427,13066
ACTTCCAGTGGAAGCT-1,0,57,3,16312,13262
CAATTGGGCCGCACTC-1,0,56,4,16201,13064
AAATCGCGGAAGGAGT-1,0,57,5,16086,13260
ATATCAATTCCAGCCT-1,0,56,6,15975,13062
CTTTGTCGAATGCTCC-1,0,57,7,15860,13258
TGAGGCATGTACTGTG-1,0,56,8,15749,13060
TTCGCCGCTCGCGCTA-1,0,57,9,15634,13256
GACTCCTTCCAATTGA-1,0,56,10,15523,13058
ACCGAAGAGTCTGGTT-1,0,57,11,15408,13254
TGGCATGAAGTTTGGG-1,0,56,12,15296,13056
ACGAGGTTTACAACGT-1,0,57,13,15182,13252
AACCCATCCCATGATC-1,0,56,14,15070,13054
TCGACAACTGAACCCG-1,0,57,15,14955,13250
TATCTTGCAATACAAC-1,0,56,16,14844,13052
TATTATGTTTGCCTGC-1,0,57,17,14729,13248
GTCAAAGAAGTGGTGT-1,0,56,18,14618,13050
GGGACAGAGTTACTCC-1,0,57,19,14503,13246
AGCAACCGAAAGTAAT-1,0,56,20,14392,13048
CTCTCTAACTGCCTAG-1,0,57,21,14277,13244
ATACGGAACGTCGTTT-1,0,56,22,14166,13046
TCGGTCCCGACAATAG-1,0,57,23,14051,13242
CGCGCAAATGTCCAGA-1,0,56,24,13939,13044
TCTAATACTGCCTCAG-1,0,57,25,13825,13240
CTCGGTTGTCGGCCCT-1,0,56,26,13713,13042
GGTAACCGGGAGGATA-1,0,57,27,13599,13238
CAGGCGCACGGTGGTC-1,0,56,28,13487,13040
TCATCGATGGTCCCAA-1,0,57,29,13372,13236
CAAAGATTATTGGGCC-1,0,56,30,13261,13038
ACAATGAATACGGAGA-1,0,57,31,13146,13234
GCTCCTGACATACTGG-1,0,56,32,13035,13036
GATGACAAGTAGGGCA-1,0,57,33,12920,13232
TACGCCGAGGGTACCC-1,0,56,34,12809,13034
AAGCGTCCCTCATCGA-1,0,57,35,12694,13230
CACTCCTATGTAAGAT-1,0,56,36,12583,13032
TCGAGCCAGGCAGGCC-1,0,57,37,12468,13228
TCGTCAAGTACGCGCA-1,0,56,38,12356,13030
CCCGTAGCTGGGAAGA-1,0,57,39,12242,13226
ACCCTATGCCATATCG-1,0,56,40,12130,13029
GTGGTATAGTCTGCCG-1,0,57,41,12015,13224
CCGGTTTGTAATTGTG-1,0,56,42,11904,13027
GTCGCCGTTGTGTGTT-1,0,57,43,11789,13222
TACTGAACAGATTTAG-1,0,56,44,11678,13025
TATTAACCTGACCGCG-1,0,57,45,11563,13220
CTGTAGCCATCTCACT-1,0,56,46,11452,13023
TACTATGGTTCCTCAG-1,0,57,47,11337,13218
GAGTCAGACCAGAATC-1,0,56,48,11226,13021
TAAGGCATAACATCAA-1,0,57,49,11111,13216
CTTCCGCTCCGTGAAG-1,0,56,50,10999,13019
GGGCTATGATCGATGG-1,0,57,51,10885,13214
GGTCGGTCGTCCACAG-1,1,56,52,10773,13017
GGGACCCGTATATCTT-1,1,57,53,10659,13212
GAAAGCAGTGCACTTT-1,1,56,54,10547,13015
AGCGCATAATGAATCG-1,1,57,55,10432,13210
GCTGCTAAGTAGTCGA-1,1,56,56,10321,13013
AATAGTCCGTCCCGAC-1,1,57,57,10206,13208
AGCAGCCAGATGAATA-1,1,56,58,10095,13011
CCTCGCGCTGTGCGAT-1,1,57,59,9980,13207
TTGTGTATGCCACCAA-1,1,56,60,9869,13009
TGCTCGGCGAAACCCA-1,1,57,61,9754,13205
CGATTAAATATCTCCT-1,1,56,62,9643,13007
TGCCGTGGATCGTCCT-1,1,57,63,9528,13203
GTGGACGCATTTGTCC-1,1,56,64,9416,13005
ACCCGGAAACTCCCAG-1,1,57,65,9302,13201
CCGCATGTGGTACGAT-1,1,56,66,9190,13003
GCAAACCTTGGCCATA-1,1,57,67,9075,13199
ATTCACTGATGTTGGA-1,1,56,68,8964,13001
ACTCCCTAATGCTAAA-1,1,57,69,8849,13197
TCCTAAATTGGGAAGC-1,1,56,70,8738,12999
GAACAGATTACTAAAT-1,1,57,71,8623,13195
ATACAGGCCCTCCAAT-1,1,56,72,8512,12997
CGATTCGCCTGGCTGC-1,1,57,73,8397,13193
TCCGCCTGTCTACAAG-1,1,56,74,8286,12995
CACATCTCACCGACGA-1,1,57,75,8171,13191
CGTCGTCCTTCGCGAA-1,1,56,76,8059,12993
CGTTGAATACCGCGCT-1,1,57,77,7945,13189
ACCAATATGCAAGTTA-1,1,56,78,7833,12991
ACGGATGGTGCGGATA-1,1,57,79,7719,13187
CACCCTAACAAGATCT-1,1,56,80,7607,12989
AAGCTCTTTCATGGTG-1,1,57,81,7492,13185
CATGGGTATGCCTTAT-1,0,56,82,7381,12987
GCGCGTCATTGGTACA-1,0,57,83,7266,13183
TCTGAAGCACGTGGTC-1,1,56,84,7155,12985
AAGTTCACTCCAAGCT-1,1,57,85,7040,13181
TTGGACCTATAACAGT-1,1,56,86,6929,12983
ATCAGCCTCATGCTGC-1,1,57,87,6814,13179
AGTACTCTTATGCCCA-1,1,56,88,6703,12981
GCGCTTAAATAATTGG-1,1,57,89,6588,13177
TTGTGAACCTAATCCG-1,1,56,90,6476,12979
AGTCGTCGACCACCAA-1,1,57,91,6362,13175
TCCTTTAAATCCGCTT-1,1,56,92,6250,12977
ACTGAAACGCCGTTAG-1,1,57,93,6135,13173
GCACACACTGGTAGCC-1,1,56,94,6024,12975
TAAGGGCCTGTCCGAT-1,1,57,95,5909,13171
GCTAGAGTAGAGATGT-1,1,56,96,5798,12973
CACAGGGCCATATAGT-1,1,57,97,5683,13169
CCATGCCCTAGATTTC-1,1,56,98,5572,12971
TCGCGTAGCAGTGTCC-1,1,57,99,5457,13167
GACGAGGCTAATAAAC-1,1,56,100,5346,12969
CTACACTCGCAGATGG-1,1,57,101,5231,13165
ACGCATACGTTTACTA-1,1,56,102,5119,12967
GGAGCAACATTTCAAG-1,0,57,103,5005,13163
CGAGAGGGTAGCCGCG-1,1,56,104,4893,12965
TCGTGTTCGACCACAA-1,1,57,105,4779,13161
TCTACCCAATAGAGAG-1,0,56,106,4667,12963
ATAAACGTTGCACCAC-1,1,57,107,4552,13159
TCAACTGCAGAGTCAG-1,0,56,108,4441,12961
AGCTCCATATATGTTC-1,0,57,109,4326,13157
GTAACATCTAAGATAA-1,0,56,110,4215,12959
CCGACAATAGGCCGCC-1,0,57,111,4100,13155
ATGCTTAGGAGTTGAT-1,0,56,112,3989,12957
AACCCGAGCAGAATCG-1,0,57,113,3874,13153
CGGGTTTGTTAGGGCT-1,0,56,114,3763,12956
AGGCACGTGACTGTCC-1,0,57,115,3648,13151
GACAAGAGATGAGATT-1,0,56,116,3536,12954
AGCCCTTGGACATCCC-1,0,57,117,3422,13149
GCAGTTCGATCCGAGC-1,0,56,118,3310,12952
TCGAGGGCAACAGACG-1,0,57,119,3195,13147
ACTTTGTCGACGCACT-1,0,56,120,3084,12950
GAGTATCAAAGTTACA-1,0,57,121,2969,13145
CCAGGCTGGCGTCTGA-1,0,56,122,2858,12948
GGACTCTTCCGGTTGA-1,0,57,123,2743,13143
TCCCAGCACACGACAT-1,0,56,124,2632,12946
GCTCCATGAGTGCAGA-1,0,57,125,2517,13141
GCAGTGCGGGCGGATG-1,0,56,126,2406,12944
GCGTTCTGACTAAGCG-1,0,57,127,2291,13139
ATTTGGAGATTGCGGT-1,0,58,0,16650,13461
AAGGGTTTGATTTCAG-1,0,59,1,16535,13657
CCGGCCGCGAGCATAT-1,0,58,2,16424,13459
GAGTTCTGTGGGTGCT-1,0,59,3,16309,13655
AAACGAAGATGGAGTA-1,0,58,4,16198,13458
AATTACGAGACCCATC-1,0,59,5,16083,13653
CCTTTGAATTATGGCT-1,0,58,6,15971,13456
CATGGTATTAGTTTGT-1,0,59,7,15857,13651
AACGAAAGTCGTCCCA-1,0,58,8,15745,13454
ACATAAGTCGTGGTGA-1,0,59,9,15631,13649
GCACAACCTCGGGCGT-1,0,58,10,15519,13452
ATGCACGCGCTGTTCA-1,0,59,11,15404,13647
CGATGTTGTTATCTAC-1,0,58,12,15293,13450
GTCTCCTGCCAGTATG-1,0,59,13,15178,13645
GATGCCTTCTGCGGCA-1,0,58,14,15067,13448
ACCGGTCAGGTACACC-1,0,59,15,14952,13643
GTGGAGCGTTTACCGA-1,0,58,16,14841,13446
AGGCGGTTTGTCCCGC-1,0,59,17,14726,13641
TCCCTGGCGTATTAAC-1,0,58,18,14615,13444
AAACACCAATAACTGC-1,0,59,19,14500,13639
TGGACGCAATCCAGCC-1,0,58,20,14388,13442
GGAACCTTGACTCTGC-1,0,59,21,14274,13638
GTATCTCAGTCTTGAC-1,0,58,22,14162,13440
GCTGAATCTTCCAATC-1,0,59,23,14047,13636
AGATGCAAGACGTGCA-1,0,58,24,13936,13438
TTAAGGCCCGTACTTT-1,0,59,25,13821,13634
AGTATGCTGGAGACCA-1,0,58,26,13710,13436
GCGGCAAAGTATTGCC-1,0,59,27,13595,13632
GCGCAAATATATTCAA-1,0,58,28,13484,13434
GAAGAAACGATATTGT-1,0,59,29,13369,13630
GGACCTCTAGGCCGCC-1,0,58,30,13258,13432
AACAGCTGTGTGGCAA-1,0,59,31,13143,13628
TCGAATATCCCGCAGG-1,0,58,32,13031,13430
GCGACCCAACCATCTG-1,0,59,33,12917,13626
AGAGAAGGAGTACAAT-1,0,58,34,12805,13428
GGCTCCTCCACCTGTT-1,0,59,35,12690,13624
TCAGTGTATACGTCAT-1,0,58,36,12579,13426
ATTATTATGTCCGTCA-1,0,59,37,12464,13622
TTAGGTCATAACCGAC-1,0,58,38,12353,13424
AAGATGGCACCGGACC-1,0,59,39,12238,13620
CTACAAGAAATAACCC-1,0,58,40,12127,13422
ACTATTTCCGGGCCCA-1,0,59,41,12012,13618
TTGTTTCACATCCAGG-1,0,58,42,11901,13420
CGCTGTGTGGATGTTG-1,0,59,43,11786,13616
TCAACATAGCGCCCTA-1,0,58,44,11675,13418
GGCCGTTTGGGTTTCA-1,0,59,45,11560,13614
TACTCTTTCGTCTTCA-1,0,58,46,11448,13416
TTCGCGCGCCATACGA-1,0,59,47,11334,13612
CGGAAAGAATCAAACG-1,0,58,48,11222,13414
AGGCAGGGAGCGTACT-1,0,59,49,11107,13610
CCTTTAAGGGAGCACT-1,0,58,50,10996,13412
CGCCCAGCACGCCTAG-1,0,59,51,10881,13608
AGTATTTGGCACGACC-1,0,58,52,10770,13410
TATCCGCACCGTCGGG-1,0,59,53,10655,13606
ACCCGTGTCATCAGTA-1,0,58,54,10544,13408
CAACTGCTCATCCGAT-1,1,59,55,10429,13604
CCGGAGCGTACTTTCT-1,1,58,56,10318,13406
TACCGTAGGTTAACTA-1,1,59,57,10203,13602
TGAGGAGTGCCAGCTT-1,1,58,58,10091,13404
CCAGTCTTGTCATAGA-1,1,59,59,9977,13600
GGGCAGAGCAATCGTT-1,1,58,60,9865,13402
TACCAAATAGCCCAGA-1,1,59,61,9750,13598
TACCTACTCCCAGTAT-1,1,58,62,9639,13400
TGTGAGACTAGCCCAA-1,1,59,63,9524,13596
ATACCTAACCAAGAAA-1,1,58,64,9413,13398
GTCGGGAAGCAGAAAC-1,1,59,65,9298,13594
AATTAACGGATTTCCA-1,1,58,66,9187,13396
GAACCCTCTGTGTTCT-1,1,59,67,9072,13592
ATATAAAGCGCTCGTG-1,1,58,68,8961,13394
CCTGGTCGAATGTGGG-1,1,59,69,8846,13590
CTAGGTTCGGACGTGA-1,1,58,70,8735,13392
TCGGGAGACAGCGTAC-1,1,59,71,8620,13588
CATAAGAAGCTTGGCT-1,1,58,72,8508,13390
AAGCACCCTGCGTATC-1,1,59,73,8394,13586
AGTTTGCACCTGCCTC-1,1,58,74,8282,13388
GACTGCAAATCGAGCT-1,1,59,75,8167,13584
GTGTATATCAGCGGGC-1,1,58,76,8056,13387
CTTCAACTCCACTTGG-1,1,59,77,7941,13582
ACTTACGCATCCACGC-1,1,58,78,7830,13385
CATGAGATGCACTCTC-1,1,59,79,7715,13580
GAGCACCTGTGTCCAG-1,1,58,80,7604,13383
CGCGACCGCGACAGAT-1,1,59,81,7489,13578
GTCCCGCGACGTTATG-1,1,58,82,7378,13381
GCAGTGTGGCTATAGG-1,1,59,83,7263,13576
ATACTGCCTTACACCG-1,1,58,84,7151,13379
TACAGAAACGGTGGGC-1,1,59,85,7037,13574
GGCGCGGAGATCTTTC-1,1,58,86,6925,13377
CGTTAATGTCCCGACG-1,1,59,87,6810,13572
GCTAACTGAAGTCTGA-1,1,58,88,6699,13375
AGTGATAACCTGCGCG-1,1,59,89,6584,13570
TATGATCTTCTCTTTA-1,1,58,90,6473,13373
TGTACCTACACGAGGG-1,1,59,91,6358,13568
ATATCGTTCCTCGAAC-1,1,58,92,6247,13371
CGGCGCCATCAATCCC-1,1,59,93,6132,13566
CCTGTTTGAAGACACG-1,1,58,94,6021,13369
GCCACTCAGAGCGCGA-1,1,59,95,5906,13565
TCGGCTTGTATCGACG-1,1,58,96,5794,13367
TAGATGGTTCCTTACT-1,1,59,97,5680,13563
ATCGTTAGCTAGCGGA-1,1,58,98,5568,13365
ACAGCGACATTCTCAT-1,1,59,99,5454,13561
ATTCAACCATTTAAGG-1,1,58,100,5342,13363
CACTCTTCTGCTAGCC-1,1,59,101,5227,13559
CTAACTGATAATCGCC-1,1,58,102,5116,13361
TGATGTCAATTAAGTG-1,1,59,103,5001,13557
CGCCGTTCAGCATAGT-1,1,58,104,4890,13359
ATACTACCCGTACCAC-1,1,59,105,4775,13555
CCACTGTTTGGATTAA-1,1,58,106,4664,13357
CACTACGGGAGCTGCC-1,1,59,107,4549,13553
GACCAAACGTTGACTG-1,1,58,108,4438,13355
AAGAGGCCCTTTGGAA-1,1,59,109,4323,13551
ACACGTAGGCCACAAG-1,0,58,110,4211,13353
TACTCTTACTTTACTG-1,0,59,111,4097,13549
AGAGCCGCCGAGATTT-1,0,58,112,3985,13351
GGCCTGCTTCTCCCGA-1,0,59,113,3870,13547
TCAAGCGCGGACGGTA-1,0,58,114,3759,13349
ACACTGGGACAGTCGT-1,0,59,115,3644,13545
TGTGTAGTAGCACGTG-1,0,58,116,3533,13347
CTAGCCACAGGCGAGC-1,0,59,117,3418,13543
CTATCGCGTAGAGAAC-1,0,58,118,3307,13345
GTTCCCGTAAACATAT-1,0,59,119,3192,13541
TCTTTCCTTCGAGATA-1,0,58,120,3081,13343
ATATTGGAGAGGCCTT-1,0,59,121,2966,13539
AGGCGATAACTGGCGT-1,0,58,122,2854,13341
ACCCGGAGCACCACAA-1,0,59,123,2740,13537
TGAGCTCAACTGTATA-1,0,58,124,2628,13339
ACGACCCATGAGTTGC-1,0,59,125,2514,13535
CGGTCAGTCCATATTT-1,0,58,126,2402,13337
TCCGGCTGTCGGGTCG-1,0,59,127,2287,13533
ATTCCCGAAGGTACAG-1,0,60,0,16646,13855
CTAACAGCACAATAAC-1,0,61,1,16532,14051
TTGTGCGGAAGCGGAT-1,0,60,2,16420,13853
GGGCACTATTGACCAT-1,0,61,3,16306,14049
CCATAGAGGCTGCCAG-1,0,60,4,16194,13851
CCGAAGCATTGACCAA-1,0,61,5,16079,14047
TACTGAGGGAAGAAAG-1,0,60,6,15968,13849
TATGTAGAAACCCGGC-1,0,61,7,15853,14045
TGGTTAACTTACATTT-1,0,60,8,15742,13847
AGAACCCTCAATTGGG-1,0,61,9,15627,14043
CCTATATCGTGTCACG-1,0,60,10,15516,13845
ACGGCTGGATGTAGAA-1,0,61,11,15401,14041
CTCGCATTGCATAGCC-1,0,60,12,15290,13843
ACTTTGGTCGTGCTCC-1,0,61,13,15175,14039
GCTGGTTTAGGCCATA-1,0,60,14,15063,13841
TGTCGTTATCACATAT-1,0,61,15,14949,14037
ACACATGATCAAATCT-1,0,60,16,14837,13839
TATCCATCTCGGTTAG-1,0,61,17,14722,14035
CTCGTCGAGGGCTCAT-1,0,60,18,14611,13837
ATCAATGCCGTGGCTG-1,0,61,19,14496,14033
GAAACATAGGAAACAG-1,0,60,20,14385,13835
TAATAGGTCACCAGAA-1,0,61,21,14270,14031
CACCAGTCAGCATGCA-1,0,60,22,14159,13833
GAGCGCTGTTAGGTAA-1,0,61,23,14044,14029
CCCTATGTAGAGCAGA-1,0,60,24,13933,13831
GATCGCTATATCTCAG-1,0,61,25,13818,14027
AAGGGACTATGCATTC-1,0,60,26,13706,13829
CTCGGGTTCTCTGGCC-1,0,61,27,13592,14025
TATATATCGAGAAATG-1,0,60,28,13480,13827
ACCCGAGCGAAATTAC-1,0,61,29,13366,14023
TTGTTTCATTAGTCTA-1,0,60,30,13254,13825
ATGGGACCTGCTGAAC-1,0,61,31,13139,14021
TGCGACGGCCGAACGT-1,0,60,32,13028,13823
AGCTAACAAGCAATGT-1,0,61,33,12913,14019
CGTGTCTCGTTACGAC-1,0,60,34,12802,13821
CTAAATCCGGTGTACA-1,0,61,35,12687,14017
GAATAGTGCTCGATTA-1,0,60,36,12576,13819
AACAATACATTGTCGA-1,0,61,37,12461,14015
CACATCGTGCACGCGC-1,0,60,38,12350,13817
ACCGTGACCACGTGGG-1,0,61,39,12235,14013
CCCAATGAGATTTGCA-1,0,60,40,12123,13816
TCAGCAGTAGGCCCTG-1,0,61,41,12009,14011
CTACTCAAGGTATAGT-1,0,60,42,11897,13814
TAGTAGCTTATACCAG-1,0,61,43,11782,14009
ACGTTCGTTCAGGAAA-1,0,60,44,11671,13812
TTAGAATAAGGGTCGG-1,0,61,45,11556,14007
TTCTAGAAAGTCTTAT-1,0,60,46,11445,13810
CCTTCAGTTAAAGTGA-1,0,61,47,11330,14005
TAGCTAGTGATGATGG-1,0,60,48,11219,13808
AGCCCGGTAGCCTGTA-1,0,61,49,11104,14003
TACCTCAGTTGTCTGT-1,0,60,50,10993,13806
GACGGGTTGGCCCGTA-1,0,61,51,10878,14001
GAAACCTATACAAATG-1,0,60,52,10766,13804
TCCACCTCTAGCCTTT-1,0,61,53,10652,13999
AAGACCCAACTGAACA-1,0,60,54,10540,13802
CATACACGGTTCCCAC-1,0,61,55,10426,13997
ACTACGCGTTAGAATT-1,1,60,56,10314,13800
CTTGGCCAAGCTGGGA-1,1,61,57,10199,13996
TTACCCTAGGGATTGG-1,1,60,58,10088,13798
TTCGCACTGTACGACA-1,1,61,59,9973,13994
TAGGTGTTCCACAGAT-1,1,60,60,9862,13796
GAAGCCTGCACATTCC-1,1,61,61,9747,13992
GGCTTTCAATAAGGGT-1,1,60,62,9636,13794
TCCAGGGTATATACGA-1,1,61,63,9521,13990
CTCGCCGAATGTAGGG-1,1,60,64,9410,13792
AGGAAGCTGTCCGCCG-1,1,61,65,9295,13988
GTCTCAAGGCCCGGCT-1,1,60,66,9183,13790
ACCGACACATCTCCCA-1,1,61,67,9069,13986
TATACGCGTCATCACT-1,1,60,68,8957,13788
ATCTGGGCTGTTCTTG-1,1,61,69,8842,13984
TCAAATTTGAGACTCA-1,1,60,70,8731,13786
GTTAAGGGTGCGATGT-1,1,61,71,8616,13982
AGCAAAGGCCGCTAGT-1,1,60,72,8505,13784
TTATAGGTAATTGTCT-1,1,61,73,8390,13980
TTGTGCAGCCACGTCA-1,1,60,74,8279,13782
ACGGACTCTCAAAGCG-1,1,61,75,8164,13978
ATGCTCTGGCGCGGTA-1,1,60,76,8053,13780
ATAATCTTGGAGAACC-1,1,61,77,7938,13976
CTCATTGCTCTAACAA-1,1,60,78,7826,13778
TAGGTGACGATAACCT-1,1,61,79,7712,13974
CGGATCCTCAAGGACT-1,1,60,80,7600,13776
GGGCGTGGTTTCCCAG-1,1,61,81,7486,13972
TGGCTATGTGACATAC-1,1,60,82,7374,13774
CTTAGTGTAGTAGCAT-1,1,61,83,7259,13970
GGATTGCTGTGACTCC-1,1,60,84,7148,13772
ACTTCCATGCGGGACA-1,1,61,85,7033,13968
ACTCAAGTGCAAGGCT-1,1,60,86,6922,13770
ACAAGGATGCTTTAGG-1,1,61,87,6807,13966
TTGAACGACGTGCTGA-1,1,60,88,6696,13768
ATTCATCGTTGAGGCA-1,1,61,89,6581,13964
TGCAACCCATCTGCGG-1,1,60,90,6470,13766
AGTGCTAAACACAGCA-1,1,61,91,6355,13962
AACTCCAGAGCGTGTT-1,1,60,92,6243,13764
TCTCCACAAGTTGAAT-1,1,61,93,6129,13960
CTTTGCATCGCTCTTG-1,1,60,94,6017,13762
TCACAAACCGAGGTAC-1,0,61,95,5902,13958
CCGTAGGAAATCCCTG-1,1,60,96,5791,13760
AAACATTTCCCGGATT-1,1,61,97,5676,13956
GCCTCCGACAATTCAC-1,1,60,98,5565,13758
TCTGCATACCTTGCTT-1,1,61,99,5450,13954
ACCCATTTGTCCCTCT-1,1,60,100,5339,13756
CTGCAGAGAATCAGAG-1,1,61,101,5224,13952
GGAAACTAAATGGGCC-1,1,60,102,5113,13754
CAACCTACCGAGCAGT-1,1,61,103,4998,13950
CCGTAGGGTTGTTTAC-1,1,60,104,4886,13752
GGTTTGTGACCTGAGG-1,1,61,105,4772,13948
TAACCTAGGGAGTCCA-1,1,60,106,4660,13750
TTCCATCGACAGCGTG-1,1,61,107,4545,13946
ATCTCCCACGGAATAT-1,0,60,108,4434,13748
GTTTCAAACGAGTTGT-1,0,61,109,4319,13944
GGAACTTTGGCGATTA-1,0,60,110,4208,13746
CTGCAAGCACGTTCCG-1,0,61,111,4093,13942
CACAGTCCCGCTTCGC-1,0,60,112,3982,13745
TACGCTCGGTATTGGA-1,0,61,113,3867,13940
CTGGTAAAGTGTGGGC-1,0,60,114,3756,13743
CAACCAGTGGCCTACC-1,0,61,115,3641,13938
TCTTCGCGGTGAGAGG-1,0,60,116,3530,13741
TTCGGGTTGCCACGGG-1,0,61,117,3415,13936
ACCGATAGGCATAACC-1,0,60,118,3303,13739
CTTATAGATGGCTGTT-1,0,61,119,3189,13934
AGACGCCCACTTCGCC-1,0,60,120,3077,13737
AGGTCGCCTCCCAACA-1,0,61,121,2962,13932
CCTCACGTCAGCTAAT-1,0,60,122,2851,13735
CCACCTGTATGGAATA-1,0,61,123,2736,13930
GGACTCGAAGCTTTCA-1,0,60,124,2625,13733
AAGCCGGAGAGCAGGA-1,0,61,125,2510,13928
GCCTATCAGGTAAGAT-1,0,60,126,2399,13731
TCAGAGTGTGAGCATG-1,0,61,127,2284,13926
AAACATGGTGAGAGGA-1,0,62,0,16643,14248
ATCATTGTACCGCATT-1,0,63,1,16528,14444
TCAGCTTGAGCTTTCG-1,0,62,2,16417,14247
CCGCGCAAGATACCCA-1,0,63,3,16302,14442
CTATACTTAAAGCGAG-1,0,62,4,16191,14245
ACCGTCCACTGGGCCC-1,0,63,5,16076,14440
AAGACCAAATAACTCA-1,0,62,6,15965,14243
TGTTTCTGAAGCGTGC-1,0,63,7,15850,14438
TTCTCTTACAGGTGAT-1,0,62,8,15738,14241
AATTCATTGTCATGCA-1,0,63,9,15624,14436
GCCCGAGAGTCTAAAT-1,0,62,10,15512,14239
ATATAGAGTATTGGTC-1,0,63,11,15397,14434
TTGAAGGATGGGCGCC-1,0,62,12,15286,14237
TAGTACCACAACTTTC-1,0,63,13,15171,14432
ATCCCATCCACAGCGC-1,0,62,14,15060,14235
CTTAGGTATAGACCAG-1,0,63,15,14945,14430
TGACTCCGAATCATAC-1,0,62,16,14834,14233
ACTACATCCCGACAAG-1,0,63,17,14719,14428
TTGCCGCAGACCTACA-1,0,62,18,14608,14231
TAAGAGGGACAGGGAC-1,0,63,19,14493,14426
CGAATGAAGTCATTGC-1,0,62,20,14382,14229
AAGGGAACGACTGGCT-1,0,63,21,14267,14425
CGAATCTGCTCGACGC-1,0,62,22,14155,14227
ATCGTGGAAAGTCTGG-1,0,63,23,14041,14423
CCTATGGCTCCTAGTG-1,0,62,24,13929,14225
CGTCGCTTGGTTATAC-1,0,63,25,13814,14421
TGCTTAGAGAGAATGC-1,0,62,26,13703,14223
GATTGCTCCAGTTGCA-1,0,63,27,13588,14419
CGTGCTTCTACCTAAA-1,0,62,28,13477,14221
ACTCCAATATCATCAT-1,0,63,29,13362,14417
GCCGACCCACGACTGC-1,0,62,30,13251,14219
GAGGGTAGTAACAAAG-1,0,63,31,13136,14415
GGCCGAGACTCTGGTG-1,0,62,32,13025,14217
TATATAGGGCTTTACG-1,0,63,33,12910,14413
TGCCGGATGTACGAGC-1,0,62,34,12798,14215
AGGTAGATCGAGATAT-1,0,63,35,12684,14411
GATCAACATAAAGGGA-1,0,62,36,12572,14213
TAACAGCGTTTGTGCT-1,0,63,37,12457,14409
CTATAGGCGTTGATGT-1,0,62,38,12346,14211
GGTTTAATTACCATCG-1,0,63,39,12231,14407
CTCTTCTGGAAGTTAG-1,0,62,40,12120,14209
ATCTGACATGGAAGGA-1,0,63,41,12005,14405
TACGTACTAGTGCTGA-1,0,62,42,11894,14207
ATGACTATCAGCTGTG-1,0,63,43,11779,14403
CTTTGGGATTGTTGCA-1,0,62,44,11668,14205
AGACTGTTACCGGGTC-1,0,63,45,11553,14401
TCCTAACCGTCGGGCA-1,0,62,46,11441,14203
ACGCAAACTAATAGAT-1,0,63,47,11327,14399
AAGTGAGTCGGGTTTA-1,0,62,48,11215,14201
TAAAGCGGTATTTCCA-1,0,63,49,11101,14397
CTCCTCCAGCTCACAC-1,0,62,50,10989,14199
CGGTCCGTCGCAAGCC-1,0,63,51,10874,14395
CCTATATTTGTCCTGG-1,0,62,52,10763,14197
TCCAATAAAGGCTACC-1,0,63,53,10648,14393
AAAGGCTACGGACCAT-1,0,62,54,10537,14195
CGTGACCAGTCCTCTG-1,0,63,55,10422,14391
GATCTGCTATCTAAGG-1,0,62,56,10311,14193
CGAATGACGCATAATG-1,0,63,57,10196,14389
GCTCAATGTAATACCG-1,1,62,58,10085,14191
CTATGCCCGAATGCAA-1,1,63,59,9970,14387
CACAGGGCCGTTGTCA-1,1,62,60,9858,14189
TCAATACGCCGTCATG-1,1,63,61,9744,14385
AGCGGACACTTCGTAG-1,1,62,62,9632,14187
ATACGTTATGCACGGA-1,1,63,63,9517,14383
GAGTAGATACTAGTTG-1,1,62,64,9406,14185
CCAGCTCGAACGCATT-1,1,63,65,9291,14381
TGCTTCCCAAGCAGTA-1,1,62,66,9180,14183
GTAGACACGCCTGACT-1,1,63,67,9065,14379
CTCACATTTACTAAAT-1,1,62,68,8954,14181
GAATGCGAATCGGTTC-1,1,63,69,8839,14377
TAAGGCCCGTCACCCT-1,1,62,70,8728,14179
GAGTATGCGCGTGCAT-1,1,63,71,8613,14375
ATCCACATCGACAGAA-1,1,62,72,8501,14177
TAGACGAAACGCCAAT-1,1,63,73,8387,14373
CAGCAGTCTGTGCTGC-1,1,62,74,8275,14175
CTCACTGTGATACTTA-1,1,63,75,8161,14371
TTAATTGCTTTGGGTG-1,1,62,76,8049,14174
GTAGTCTACGATATTG-1,1,63,77,7934,14369
TTGCCGCTTTCTAGTA-1,1,62,78,7823,14172
GAACCTTTAACGATCC-1,1,63,79,7708,14367
TGGACCAATCTAAGAT-1,1,62,80,7597,14170
CTAGTAGAAAGGGATT-1,1,63,81,7482,14365
AACCTCGCTTTAGCCC-1,1,62,82,7371,14168
GAGTGTCAACCAGAAA-1,1,63,83,7256,14363
GTGATCCTTGTCATGA-1,1,62,84,7145,14166
CTCAACTAACCCGGAT-1,1,63,85,7030,14361
AGTGGCGTCTGAAGGT-1,1,62,86,6918,14164
GGGAAGGGCTTTCTCA-1,1,63,87,6804,14359
AGGCCTGAGAATCTCG-1,1,62,88,6692,14162
AGCCACAGGTTACCCG-1,1,63,89,6577,14357
TGCAATCTAACACGGT-1,1,62,90,6466,14160
GTTTGGGTTTCGCCCG-1,1,63,91,6351,14355
CCTATGTCCACTCCAC-1,1,62,92,6240,14158
CTGCCTTTCTAGTAAA-1,1,63,93,6125,14354
TTAGTAAACCTGCTCT-1,0,62,94,6014,14156
TTGTGGTGGTACTAAG-1,1,63,95,5899,14352
CCTCCTGTTGTGTCGT-1,0,62,96,5788,14154
ACAAAGCATGACCTAG-1,0,63,97,5673,14350
ATAGCAACTAGGGAAG-1,0,62,98,5561,14152
CCGCTCTTCCGAACTA-1,1,63,99,5447,14348
TAGAATAGCCGATGAA-1,1,62,100,5335,14150
GGTCTCCGTCCAGGTT-1,1,63,101,5221,14346
TAATTACGTCAGTAGA-1,1,62,102,5109,14148
TACGTAAAGCGGAGTG-1,1,63,103,4994,14344
GCTACAATCGAGGATA-1,1,62,104,4883,14146
TCAGCCAATCCGTAAA-1,1,63,105,4768,14342
ATCATAGCCCTATGTA-1,1,62,106,4657,14144
GAGGCCTGTTGATACA-1,0,63,107,4542,14340
ATATACGCTCGTGACG-1,1,62,108,4431,14142
CCCTTTAATGGAGTTC-1,0,63,109,4316,14338
TTACACGATCTGCGAC-1,0,62,110,4205,14140
TCGCATAAAGGGCGCA-1,0,63,111,4090,14336
TGTAGCCATCCCATTC-1,0,62,112,3978,14138
GGGTCTATCGCTTTCC-1,0,63,113,3864,14334
GGAGGGTCAAGTAAGA-1,0,62,114,3752,14136
TACGGCATGGACGCTA-1,0,63,115,3637,14332
CACGTCAATCAATGGA-1,0,62,116,3526,14134
CGCTTGGACGGATAGA-1,0,63,117,3411,14330
CGCGGTACGGTATACA-1,0,62,118,3300,14132
CCTACTCAACACGATT-1,0,63,119,3185,14328
CGTTTGGTGTTGTGGG-1,0,62,120,3074,14130
GTTGTTGCAAGATGGC-1,0,63,121,2959,14326
CATTCGTCGTAGCGGT-1,0,62,122,2848,14128
CAGCCTCGATAGCGGT-1,0,63,123,2733,14324
TCATAAGTCCAAGAAG-1,0,62,124,2621,14126
AAAGTGCCATCAATTA-1,0,63,125,2507,14322
GTTGCAGTCGACAACA-1,0,62,126,2395,14124
TAAATGGGCTACTGAG-1,0,63,127,2281,14320
GGACAAGCCATGATCG-1,0,64,0,16640,14642
TCCAATGCGTCGCCGC-1,0,65,1,16525,14838
AAAGAATGACCTTAGA-1,0,64,2,16413,14640
CCTATTATTCCGGCCG-1,0,65,3,16299,14836
CAGTAAGGGACGTCTC-1,0,64,4,16187,14638
GGGATGGACCCGCGTC-1,0,65,5,16073,14834
GACGCATACCCGTCGG-1,0,64,6,15961,14636
GGGCAGGATTTCTGTG-1,0,65,7,15846,14832
TATCTGAGCCGATATT-1,0,64,8,15735,14634
AATGTATGGCACTGTA-1,0,65,9,15620,14830
GCCTTTGTCAGTGGAC-1,0,64,10,15509,14632
AACCATAGGGTTGAAC-1,0,65,11,15394,14828
AAACTTAATTGCACGC-1,0,64,12,15283,14630
TAGGCGGCTGCAAAGA-1,0,65,13,15168,14826
TCCATCAATACTAATC-1,0,64,14,15057,14628
ACCTCGAACTTATGCT-1,0,65,15,14942,14824
ACAAACCATGCGTCCT-1,0,64,16,14830,14626
ACACCGGTCTGACCGC-1,0,65,17,14716,14822
ATGGCAGCATTACGAT-1,0,64,18,14604,14624
CTGGTGAATGGGCCTA-1,0,65,19,14489,14820
CACAGAGACGAGGACG-1,0,64,20,14378,14622
GCACAAACCCTAGATG-1,0,65,21,14263,14818
ACTATGTCCAGCTGCC-1,0,64,22,14152,14620
AAGCCGCCGTGAAATC-1,0,65,23,14037,14816
ATGGGTGTATACCTCC-1,0,64,24,13926,14618
TAAGCGCGAATCAAAT-1,0,65,25,13811,14814
AGCCCGGCATTAGAGG-1,0,64,26,13700,14616
GTGATCAAGCGTGCAC-1,0,65,27,13585,14812
CTGCCTTTAATACCTT-1,0,64,28,13473,14614
TACCTCCACACCAATG-1,0,65,29,13359,14810
GAGCATCAACAACTTG-1,0,64,30,13247,14612
CATACGAACTAGCTGG-1,0,65,31,13133,14808
GGGAACGGTTTCAGAT-1,0,64,32,13021,14610
AGGGTGCCGTTCTTTA-1,0,65,33,12906,14806
ACGACTGGTCATACTC-1,0,64,34,12795,14608
GGATCTTACTGCCCTT-1,0,65,35,12680,14804
TACTCCTCTAGTTGAC-1,0,64,36,12569,14606
GTAGCTCCGGGAGGCT-1,0,65,37,12454,14802
GGACTCGTGAGTGGTC-1,0,64,38,12343,14605
GTAGTTCGAAGGCGAA-1,0,65,39,12228,14800
CTCAAACCACTGCCCG-1,0,64,40,12117,14603
GAGGGAGTCAGATCGC-1,0,65,41,12002,14798
GCGTCCCTAAGACATA-1,0,64,42,11890,14601
TCTCTTACCGCGAACC-1,0,65,43,11776,14796
GGCTACTATACACTCC-1,0,64,44,11664,14599
CGTTGCCCGCGTGGGA-1,0,65,45,11549,14794
TATAGAGTCGCTTGAA-1,0,64,46,11438,14597
ATGTTGTAGTCTGTTT-1,0,65,47,11323,14792
AGTATACACAGCGACA-1,0,64,48,11212,14595
TGTGGTTGCTAAAGCT-1,0,65,49,11097,14790
TGATTCCCGGTTACCT-1,0,64,50,10986,14593
CACTGACGATTGTGGA-1,0,65,51,10871,14788
AACATTGTGACTCGAG-1,0,64,52,10760,14591
GTCCAATATTTAGCCT-1,0,65,53,10645,14786
GCTCTTTCCGCTAGTG-1,0,64,54,10533,14589
GGGTCAGGAGCTAGAT-1,0,65,55,10419,14784
AGGTGGTGACCTTCGC-1,0,64,56,10307,14587
CCCGGGTCGTTCAGGG-1,0,65,57,10192,14783
AGCCAAGCTTTGTGTC-1,0,64,58,10081,14585
TGTGGCGGGCTTCTGG-1,0,65,59,9966,14781
CGAGGGTATCCAGGTG-1,1,64,60,9855,14583
CGTTCAGACCCGCGAA-1,1,65,61,9740,14779
TCATATGAGCTTTGTT-1,1,64,62,9629,14581
AGTTGACGGTCCTTGC-1,1,65,63,9514,14777
ATAATTAGCTAAGTAG-1,1,64,64,9403,14579
GGTCTTGAGCGCTCTT-1,1,65,65,9288,14775
CGTTGTCGGCAATTGA-1,1,64,66,9177,14577
TCTTGCTCCCGATACT-1,1,65,67,9062,14773
AGCAGAAGGAGAAAGA-1,1,64,68,8950,14575
GAAGCCACTGATTATG-1,1,65,69,8836,14771
TGCTCTTGAGAGTTTG-1,1,64,70,8724,14573
GACATCCGTCGAACTG-1,1,65,71,8609,14769
AGATATAATACGACTA-1,1,64,72,8498,14571
TCGCTACTGGCTTTGA-1,1,65,73,8383,14767
GTGACAGCTTCCCACT-1,1,64,74,8272,14569
GTGACGCAGGTTTCAT-1,1,65,75,8157,14765
GGGAAGACGGTCTGTC-1,1,64,76,8046,14567
CGTCGCATGTGAGCCA-1,1,65,77,7931,14763
AGAAGGTTGTAGGTCG-1,1,64,78,7820,14565
GGCCGGCGTCTGCTAT-1,1,65,79,7705,14761
TTGACCAGGAACAACT-1,1,64,80,7593,14563
AGTCGTATAAAGCAGA-1,1,65,81,7479,14759
GGCGTAGGGAAAGCTG-1,1,64,82,7367,14561
AAACCTAAGCAGCCGG-1,1,65,83,7252,14757
ATTGCCTTTATGTTTG-1,1,64,84,7141,14559
CAGGCAGTCTTACCAG-1,1,65,85,7026,14755
AGCTAAGTACGCAGGC-1,1,64,86,6915,14557
AAATCCGATACACGCC-1,1,65,87,6800,14753
CGAGAGCTTTCACTAC-1,1,64,88,6689,14555
CGCCCAGCGTTTCACG-1,1,65,89,6574,14751
TTAAGTATTGTTATCC-1,1,64,90,6463,14553
AAACGGGCGTACGGGT-1,1,65,91,6348,14749
GTATCCTTTGGTAACC-1,1,64,92,6237,14551
CATAGTCAAATACATA-1,1,65,93,6122,14747
TCTATGCTATAACGAC-1,1,64,94,6010,14549
ACGTTCTGTACAAGTC-1,1,65,95,5896,14745
CGCGAAGTGGCATACT-1,1,64,96,5784,14547
ACCAACCGCACTCCAC-1,1,65,97,5669,14743
GTCATGCGCGAGGGCT-1,0,64,98,5558,14545
TAGGCTAAAGTGGCAC-1,1,65,99,5443,14741
TGGCTACACTCTACCT-1,1,64,100,5332,14543
TGTCCACGGCTCAACT-1,0,65,101,5217,14739
AATTGCAGCAATCGAC-1,1,64,102,5106,14541
GTCAACCAGGCCTATA-1,1,65,103,4991,14737
ATCTTATCGCACACCC-1,1,64,104,4880,14539
GTCTATTGCATGCTCG-1,1,65,105,4765,14735
GCACGTGGTTTACTTA-1,1,64,106,4653,14537
ATTCGCGCCTTGAGAG-1,1,65,107,4539,14733
AGCGATGCGCCTAATA-1,0,64,108,4427,14535
TCTATAGGTGGGTAAT-1,0,65,109,4312,14731
AGATACCAATAGAACC-1,0,64,110,4201,14534
CGTGTATGGGAGCTGA-1,0,65,111,4086,14729
ATGTACATGCGGTGAG-1,0,64,112,3975,14532
TTGGCTCAATATGTGT-1,0,65,113,3860,14727
GTTCGGAGCACTCAAC-1,0,64,114,3749,14530
TCCCTCTTCTCAAGGG-1,0,65,115,3634,14725
TTACGTATCTATGACA-1,0,64,116,3523,14528
CCCATATAGGTCGATT-1,0,65,117,3408,14723
GTCCACGTCGCATTCG-1,0,64,118,3296,14526
AATTGTGGTTGCCAAA-1,0,65,119,3182,14721
AGGAACGAACGACTTC-1,0,64,120,3070,14524
TAATTCCAATGCTTCA-1,0,65,121,2956,14719
AGGGCCCTAATGTTCT-1,0,64,122,2844,14522
AGGTGTTGCCGACCAC-1,0,65,123,2729,14717
CTGAGAGTAGAAATAC-1,0,64,124,2618,14520
TAGAAGAAGGGTTACA-1,0,65,125,2503,14715
GGTGACTGATAGAGAG-1,0,64,126,2392,14518
TACCCTCGGTAACCCT-1,0,65,127,2277,14713
TGTAAGACTGATAAGA-1,0,66,0,16636,15035
GTCACTCATGAGCGAT-1,0,67,1,16521,15231
CGGTTTACTGAACATT-1,0,66,2,16410,15034
GAGATCGATCTTACTC-1,0,67,3,16295,15229
TCTTTCATCCGTCCTT-1,0,66,4,16184,15032
TCGGATCTGGATGACC-1,0,67,5,16069,15227
GTCCTAGGATACCTTA-1,0,66,6,15958,15030
TGTACCCGACCCTAAT-1,0,67,7,15843,15225
AGGTTCTCCTTTCCGG-1,0,66,8,15732,15028
AATTGCGTGGATTACA-1,0,67,9,15617,15223
CGATAGCGATACAGTG-1,0,66,10,15505,15026
CGCCCTAATTGTTCAA-1,0,67,11,15391,15221
ATTATGAGACCCAATT-1,0,66,12,15279,15024
CCTCCTAGCTAGAGTC-1,0,67,13,15164,15219
CGAAGGGTTTCAGATT-1,0,66,14,15053,15022
CACAAGCTAAGAAAGG-1,0,67,15,14938,15217
CACCGGTAGAGACATT-1,0,66,16,14827,15020
ACTCATGGCAGCCTTC-1,0,67,17,14712,15215
CATCCAATATAGTTTG-1,0,66,18,14601,15018
CAGATATGAAGATGAC-1,0,67,19,14486,15214
GCAAAGGGCGTTAGCC-1,0,66,20,14375,15016
CTGTTGTTCAGTCGTA-1,0,67,21,14260,15212
AAAGGCCCTATAATAC-1,0,66,22,14148,15014
AACATTGAAGTTGATC-1,0,67,23,14034,15210
GCTAGCGATAGGTCTT-1,0,66,24,13922,15012
ATTGCCTATTAGACCG-1,0,67,25,13808,15208
GGGCGTTTACATTCAT-1,0,66,26,13696,15010
CCTCTACAAGGATTGG-1,0,67,27,13581,15206
AGTGACTGTGACACAA-1,0,66,28,13470,15008
AGCCCTCCCTGGTGGC-1,0,67,29,13355,15204
CGGTTGAGTATCCTTC-1,0,66,30,13244,15006
CATTATCCCATTAACG-1,0,67,31,13129,15202
AATGTGCTAATCTGAG-1,0,66,32,13018,15004
CTTAGTTGAGGAATCG-1,0,67,33,12903,15200
CTTCTGGGCGTACCTA-1,0,66,34,12792,15002
AGTCAAATGATGTGAT-1,0,67,35,12677,15198
TGAACAAGCAGGGACT-1,0,66,36,12565,15000
AATACCGGAGGGCTGT-1,0,67,37,12451,15196
GTTTGGTGATCGGTGC-1,0,66,38,12339,14998
GACTGCTGGTGAGAAA-1,0,67,39,12224,15194
CGATCCTCGCAACATA-1,0,66,40,12113,14996
CCAACCTTATGTAACT-1,0,67,41,11998,15192
CGTGGTACCCAAAGGC-1,0,66,42,11887,14994
AACCCGACAACCCGTG-1,0,67,43,11772,15190
TATGTAAAGTGCTTAA-1,0,66,44,11661,14992
GCAAGTGTAAAGCATG-1,0,67,45,11546,15188
GTAACTGCCCAAGGAG-1,0,66,46,11435,14990
GGTGCATAAATGATTA-1,0,67,47,11320,15186
TAGTCCCGGAGACCAC-1,0,66,48,11208,14988
CGGCCAGAGCGACCAT-1,0,67,49,11094,15184
TGAATGAGTGTTTCCC-1,0,66,50,10982,14986
TTCACTTCCTAGAACG-1,0,67,51,10868,15182
CGCTTAGTATTGATAC-1,0,66,52,10756,14984
AACGCGACCTTGGGCG-1,0,67,53,10641,15180
GTGCACCAGCTTCAAC-1,0,66,54,10530,14982
TTCTATTAAACGCAGC-1,0,67,55,10415,15178
TGGCAAGCACAAGTCG-1,0,66,56,10304,14980
ATCTGCTGTTATCGCC-1,0,67,57,10189,15176
AATTCCAAGCATGTAC-1,0,66,58,10078,14978
AAACGGTTGCGAACTG-1,0,67,59,9963,15174
GAAGGAGTCGAGTGCG-1,0,66,60,9852,14976
GGCAAGCCCATAGTGG-1,0,67,61,9737,15172
TGACCAAATCTTAAAC-1,0,66,62,9625,14974
TTCGGTACTGTAGAGG-1,0,67,63,9511,15170
ATGTACGATGACGTCG-1,1,66,64,9399,14972
ATCTAGCTTGTGAGGG-1,1,67,65,9284,15168
AGCGGGTCTGACACTC-1,1,66,66,9173,14970
GAGGTACGCGTGTCCC-1,1,67,67,9058,15166
GCACTGCCTACCTTTA-1,1,66,68,8947,14968
GGAGCGAGGCCTACTT-1,1,67,69,8832,15164
AAACTCGGTTCGCAAT-1,1,66,70,8721,14966
GGCGCTTCATTCCCTG-1,1,67,71,8606,15162
TGCTCGGTGGGTCACC-1,1,66,72,8495,14964
AAGCGCAGGGCTTTGA-1,1,67,73,8380,15160
GACCTTCCACGTCTAC-1,1,66,74,8268,14963
GTTAGCCCATGACATC-1,1,67,75,8154,15158
AATTCGATTCGAGGAT-1,1,66,76,8042,14961
AGTCTTTAAAGTGTCC-1,1,67,77,7928,15156
GACTAGGCCGTTAGGT-1,1,66,78,7816,14959
TCCAAGCCTAGACACA-1,1,67,79,7701,15154
GATTGGGAAAGGTTGT-1,1,66,80,7590,14957
GATGAGGAACCTTCGG-1,1,67,81,7475,15152
TGAATACCGACGCGTA-1,1,66,82,7364,14955
AATCGTGAGCCGAGCA-1,1,67,83,7249,15150
GCGAAGAATCTGACGG-1,1,66,84,7138,14953
GAACAACTGGGATGAA-1,1,67,85,7023,15148
TCGCCGACATATTCGC-1,1,66,86,6912,14951
CGTAGAGAGTAATTAT-1,1,67,87,6797,15146
CGATAGTCGTACTGCA-1,1,66,88,6685,14949
CGCATGCCGAATGCGT-1,1,67,89,6571,15144
CTCTAGCCCTCGGAAA-1,1,66,90,6459,14947
TCCAACTCAGCTATCT-1,1,67,91,6344,15143
GTCTAGTGAGCCGCTT-1,1,66,92,6233,14945
TACCGAATAATTGTAA-1,1,67,93,6118,15141
ATATAACACGGGCGCA-1,1,66,94,6007,14943
GCATGCTAATAACGAT-1,1,67,95,5892,15139
TCCGGGCTTGACGGGA-1,1,66,96,5781,14941
ATTATTCAGAGTCACT-1,1,67,97,5666,15137
TAGCAGTATGACTAAA-1,1,66,98,5555,14939
TATGAAGAATTAAGGT-1,1,67,99,5440,15135
CAAGGCCAGTGGTGCA-1,1,66,100,5328,14937
TGCGTACGGCTAATTG-1,1,67,101,5214,15133
CAGATAATGGGCGGGT-1,1,66,102,5102,14935
GAGAACGGTTCTGACT-1,1,67,103,4988,15131
CGCTTCGGTCTAAGAC-1,1,66,104,4876,14933
AGCATTACGAGGCAAG-1,1,67,105,4761,15129
AAGTTGTGATGTTATA-1,1,66,106,4650,14931
TTGCTCATAGTACGTG-1,0,67,107,4535,15127
TACTTAAACATGTACA-1,0,66,108,4424,14929
AGTGAGTCGAATTAAC-1,0,67,109,4309,15125
TAGGCCTATATAGTCT-1,0,66,110,4198,14927
ACTCGCCGTTCGATAA-1,0,67,111,4083,15123
GGTACGTTGCGGCCGG-1,0,66,112,3972,14925
TATTGCCGGGCTTGTA-1,0,67,113,3857,15121
GGTAAACTCTGCGCTG-1,0,66,114,3745,14923
TCCCTTGTCTGAAACT-1,0,67,115,3631,15119
CATGATCGCTTTGAGA-1,0,66,116,3519,14921
GGACGGGCGACCAACC-1,0,67,117,3404,15117
GAGAGGCCTATGTGTA-1,0,66,118,3293,14919
TCGTAACTCCCAAGAC-1,0,67,119,3178,15115
CGTATCTAGAACTAAG-1,0,66,120,3067,14917
GCACCTTCCCGAAGGT-1,0,67,121,2952,15113
TACCTCTTTACCATCC-1,0,66,122,2841,14915
TGACTCTAACTGGTAA-1,0,67,123,2726,15111
GAGAAACTGGATCCCA-1,0,66,124,2615,14913
ATCCGGACCAGCCTGA-1,0,67,125,2500,15109
TTATTTAGGTTCCTTA-1,0,66,126,2388,14911
CGAATTCCCGGTTCAA-1,0,67,127,2274,15107
TAGTTTGATCGGTCGC-1,0,68,0,16633,15429
AGTCGAAACGATTCAG-1,0,69,1,16518,15625
ACGTCGGGCAACTCGG-1,0,68,2,16407,15427
ACTTGCTCTATCTACC-1,0,69,3,16292,15623
ATTACGGGCTACGGTT-1,0,68,4,16180,15425
GCAAACGTAAGCGACC-1,0,69,5,16066,15621
TTCGGACTGGGCATGG-1,0,68,6,15954,15423
GGGCCATTCGTGCTGG-1,0,69,7,15839,15619
GAGTTGTCACCAGTCT-1,0,68,8,15728,15421
AGTAATTTGCAAGCGT-1,0,69,9,15613,15617
GTGGCCGGTTTCTCGG-1,0,68,10,15502,15419
ATCTTAGGGCATTAAT-1,0,69,11,15387,15615
CTACATATCGCGGGAC-1,0,68,12,15276,15417
ATGGTATTTACTGATT-1,0,69,13,15161,15613
CCGTCAACCTCTGGCG-1,0,68,14,15050,15415
GCTTCGACGTTCAATC-1,0,69,15,14935,15611
GACCGATTAAATATGT-1,0,68,16,14824,15413
GTCGAATTTGGGCGCT-1,0,69,17,14709,15609
TCACGGCCCAAGAGAG-1,0,68,18,14597,15411
CTACGATCCTATCCTA-1,0,69,19,14483,15607
TGCAGTGGTAGGGAAC-1,0,68,20,14371,15409
TTGCCTAATCCAAAGT-1,0,69,21,14256,15605
AGCGAGACGTGAAGGC-1,0,68,22,14145,15407
TTCTACCTCAATCGGT-1,0,69,23,14030,15603
TACGCTGCTGTGTTAA-1,0,68,24,13919,15405
TAGTCCTGCACTAAGC-1,0,69,25,13804,15601
AGCACACGTTTAGACT-1,0,68,26,13693,15403
GTTCGACAATTGTATA-1,0,69,27,13578,15599
CCATGTTCATCTATAT-1,0,68,28,13467,15401
CCCTCGATAATACACA-1,0,69,29,13352,15597
ACTGCCCGCCATTCTC-1,0,68,30,13240,15399
CTATATCCAGCCTGGC-1,0,69,31,13126,15595
CGCACGTCTGTTTATG-1,0,68,32,13014,15397
AATCAGGTTTCATTTA-1,0,69,33,12899,15593
AGAGAAACACCAGAAA-1,0,68,34,12788,15395
ACCCGATTGGTTCCGA-1,0,69,35,12673,15591
TACCAGGAATCCCGTC-1,0,68,36,12562,15394
AAGTGCTTCTCTATTG-1,0,69,37,12447,15589
TGCATGTGACCCATAG-1,0,68,38,12336,15392
TAGATTCAAAGTGCGG-1,0,69,39,12221,15587
AGGGTCAGAGCACTCG-1,0,68,40,12110,15390
GTGAGATAACCTTATA-1,0,69,41,11995,15585
GTGTCAGTGTACGTGG-1,0,68,42,11884,15388
CTGTAGTGAGGATCGA-1,0,69,43,11769,15583
GATAGTGCGAGTAAGT-1,0,68,44,11657,15386
AGGGTTCAGACGGTCC-1,0,69,45,11543,15581
GGACTCGACAGCGCAT-1,0,68,46,11431,15384
CACTCTCAAGCATCGA-1,0,69,47,11316,15579
GAGCGGAATGCGGTGT-1,0,68,48,11205,15382
CAGTTCGAGGACCCGA-1,0,69,49,11090,15577
CGTAACTTCGACACTT-1,0,68,50,10979,15380
TGATCACCACACTGAC-1,0,69,51,10864,15575
CATACTTCTTTCTCCG-1,0,68,52,10753,15378
CAAGTAAGTGATAGAC-1,0,69,53,10638,15573
AGCCCGCAACAAGCAG-1,0,68,54,10527,15376
GCTCCATGCAAAGCAA-1,0,69,55,10412,15572
TCGTACCGACGTCAAG-1,0,68,56,10300,15374
ATTATCGGAATGTACG-1,0,69,57,10186,15570
ACCTACTATAAATCTA-1,0,68,58,10074,15372
TATCCTATCAACTGGT-1,0,69,59,9959,15568
GCGCGGTCTAGTAACT-1,0,68,60,9848,15370
CCTTCGTATAGAATCC-1,0,69,61,9733,15566
TGGGCGATACAATAAG-1,0,68,62,9622,15368
TGACATGTAACGTGAC-1,0,69,63,9507,15564
TTGGGAAGACGAGCCG-1,0,68,64,9396,15366
GGTGTAAATCGATTGT-1,0,69,65,9281,15562
GAACTGTGGAGAGACA-1,1,68,66,9170,15364
TCCACATCGTATATTG-1,1,69,67,9055,15560
CCTATGGTCAAAGCTG-1,1,68,68,8943,15362
TCCTTGTCCTTTAATT-1,1,69,69,8829,15558
AAGTTTATGGGCCCAA-1,1,68,70,8717,15360
GTCCGGGTTCACATTA-1,1,69,71,8603,15556
ATGTAGCGCGCGTAGG-1,1,68,72,8491,15358
TACGGAAGCCAAACCA-1,1,69,73,8376,15554
GCCCTGAGGATGGGCT-1,1,68,74,8265,15356
CGGGCGATGGATCACG-1,1,69,75,8150,15552
TGCGGACTTGACTCCG-1,1,68,76,8039,15354
TAATACTAGAACAGAC-1,1,69,77,7924,15550
TCAAATTGTTGTGCCG-1,1,68,78,7813,15352
GGGCAGTCAACGCCAA-1,1,69,79,7698,15548
TCGCTGCCAATGCTGT-1,1,68,80,7587,15350
TACGTGGGCCCAGGGC-1,1,69,81,7472,15546
GCCTACGTTCTGTGCA-1,1,68,82,7360,15348
TTGCGTGTGTAGGCAT-1,1,69,83,7246,15544
TCCTAAAGATTCAGAC-1,1,68,84,7134,15346
TGGGTGCACAAGCCAT-1,1,69,85,7019,15542
GGGAGCGACCGTAGTG-1,1,68,86,6908,15344
CATAGAGGAGATACTA-1,1,69,87,6793,15540
CTTCGATTGCGCAAGC-1,1,68,88,6682,15342
GTGCCTGAGACCAAAC-1,1,69,89,6567,15538
TCATCCTCAGCTGCTT-1,1,68,90,6456,15340
TGCAACTACTGGTTGA-1,1,69,91,6341,15536
ATGTTGATTAGAGACT-1,1,68,92,6230,15338
GTTTCTAGAGGCGCGG-1,1,69,93,6115,15534
TACAAGGGCTTCTTTA-1,1,68,94,6003,15336
ACAGGCACGGATCCTT-1,1,69,95,5889,15532
CCCAAGTCATTACACT-1,1,68,96,5777,15334
ACTCTGACCTAATAGA-1,1,69,97,5663,15530
GGATGGCTTGAAGTAT-1,1,68,98,5551,15332
ACCCTCCCGTCAGGGC-1,1,69,99,5436,15528
AGCTTCTTCTCGAGCA-1,1,68,100,5325,15330
TTGCGCTTGATCAATA-1,1,69,101,5210,15526
TGGGTGTAATAGATTT-1,1,68,102,5099,15328
CATGGTTTATTAATCA-1,1,69,103,4984,15524
TTGCCTTCTCGCCGGG-1,0,68,104,4873,15326
TTAAAGTAAGTCGCCA-1,0,69,105,4758,15522
AGTTGGCAAGGCTAGA-1,0,68,106,4647,15324
CCGCACTTGCAATGAC-1,0,69,107,4532,15520
AATGTTGTCGTGAGAC-1,0,68,108,4420,15322
CCAAGGTTGCCCTTTC-1,0,69,109,4306,15518
TGTGACTAGAGTTTGC-1,0,68,110,4194,15321
TTGTGATCTGTTCAGT-1,0,69,111,4079,15516
GGAGTTGATTCTGTGT-1,0,68,112,3968,15319
GTAGTGAGCAACCTCA-1,0,69,113,3853,15514
AAGACATACGTGGTTT-1,0,68,114,3742,15317
CATCCCGAGATTCATA-1,0,69,115,3627,15512
GGCCGCAGGAACCGCA-1,0,68,116,3516,15315
CCAGAAACTGATGCGA-1,0,69,117,3401,15510
ACCCGTAGTCTAGTTG-1,0,68,118,3290,15313
AGGGTCTGGACGCAGT-1,0,69,119,3175,15508
TTGAAACCCTCATTCC-1,0,68,120,3063,15311
TCAATCCCGCGCCAAA-1,0,69,121,2949,15506
AGGACATCGGCACACT-1,0,68,122,2837,15309
GACAAGACGCCCGTGC-1,0,69,123,2723,15504
GAGTAAATTAAGAACC-1,0,68,124,2611,15307
TAAGTCGGTGAGCTAG-1,0,69,125,2496,15502
CTTACTGACTCCTCTG-1,0,68,126,2385,15305
TTAACTGATCGTTTGG-1,0,69,127,2270,15501
GGGCGATCCATAGGCC-1,0,70,0,16629,15823
CGTATTGTTTGGCGCC-1,0,71,1,16515,16018
CGCGTGGGCCTGTGTT-1,0,70,2,16403,15821
AAATCTGCCCGCGTCC-1,0,71,3,16288,16016
GCTGAAGGGTTCTTGG-1,0,70,4,16177,15819
TAATTGCGCTGATTAC-1,0,71,5,16062,16014
TCGCGCGTTTACATGA-1,0,70,6,15951,15817
TAACTGAAATACGCCT-1,0,71,7,15836,16012
CCTGTCGTGTATGAAG-1,0,70,8,15725,15815
CGGGAACGCCCTGCAT-1,0,71,9,15610,16010
AGTTGCGGTCCTCAAC-1,0,70,10,15499,15813
GGGTCCTTGGAAGAAG-1,0,71,11,15384,16008
CGGGAAGTACCGTGGC-1,0,70,12,15272,15811
ACGGTCACCGAGAACA-1,0,71,13,15158,16006
TAGACTCAGTTGGCCT-1,0,70,14,15046,15809
CCTTCCGCAACGCTGC-1,0,71,15,14931,16004
CAGTGTTAATCTCTCA-1,0,70,16,14820,15807
CAGGCCAGTACCACCT-1,0,71,17,14705,16003
GATCGCTGTGGTGCGT-1,0,70,18,14594,15805
GTATCTCGGGCGCTTT-1,0,71,19,14479,16001
CCGGGCTAAGAATTTC-1,0,70,20,14368,15803
CTTCACGCCCTGGTAC-1,0,71,21,14253,15999
CGGATGAATGCTGTGA-1,0,70,22,14142,15801
CTCTGCAGGCATTCTT-1,0,71,23,14027,15997
TCAAAGTCACGGCGTC-1,0,70,24,13915,15799
TGGGTTTCGGGCGTAC-1,0,71,25,13801,15995
TGCTATGGCAAAGGGA-1,0,70,26,13689,15797
TTCACGGTCGTCACGT-1,0,71,27,13575,15993
CGTAAAGCAAGAAATC-1,0,70,28,13463,15795
CTGATCCCTTTATGCA-1,0,71,29,13348,15991
GAGTATACCCTAATCA-1,0,70,30,13237,15793
CCACGGCAGGTGTAGG-1,0,71,31,13122,15989
ACGTACTTTGGCACGG-1,0,70,32,13011,15791
CCTGAGAATAAATGCA-1,0,71,33,12896,15987
TTGATGCCGCTCGTCG-1,0,70,34,12785,15789
GCCAGGAAAGAACACT-1,0,71,35,12670,15985
TCCGACCGCTAATCAA-1,0,70,36,12559,15787
TATATCAAAGTGATCT-1,0,71,37,12444,15983
CCTCGGTTTCCTTGCC-1,0,70,38,12332,15785
TAAATTTAGTAACACC-1,0,71,39,12218,15981
CTCGTTACGGCTACCA-1,0,70,40,12106,15783
GCCGTCGGTTTCGGGC-1,0,71,41,11991,15979
GTTCCGTCCGCCTGCA-1,0,70,42,11880,15781
CTAGGGATAGGGACAA-1,0,71,43,11765,15977
GTCCAGGCACGTGTGC-1,0,70,44,11654,15779
GAGGAATATCTCTTTG-1,0,71,45,11539,15975
CGTTCAAGGAAACGGA-1,0,70,46,11428,15777
GTGGGAACAAACCGGG-1,0,71,47,11313,15973
GGGCACGTAGTACTGT-1,0,70,48,11202,15775
ACTACAAAGAGAGGTG-1,0,71,49,11087,15971
GGTGTAGGTAAGTAAA-1,0,70,50,10975,15773
CCTGTTCAACCTCGGG-1,0,71,51,10861,15969
TGAGGTGTGTGGCGGA-1,0,70,52,10749,15771
ATTGTCTGTTTCATGT-1,0,71,53,10635,15967
GCCGGTCGTATCTCTC-1,0,70,54,10523,15769
ATATGGGATAGCAACT-1,0,71,55,10408,15965
GATAGAACCCGCTAGG-1,0,70,56,10297,15767
ATCCCATTTCCGTGGG-1,0,71,57,10182,15963
GATGCTACCTTCGATG-1,0,70,58,10071,15765
TGCAAAGTTCGTCTGT-1,0,71,59,9956,15961
GTTCAGTCGCCAAATG-1,0,70,60,9845,15763
GTCTCCGCCTCAATAC-1,0,71,61,9730,15959
AGTAGAAGGCGCCTCA-1,0,70,62,9619,15761
GTTGTAGATTTATGAG-1,0,71,63,9504,15957
CTATTTGCTTGGAGGA-1,0,70,64,9392,15759
AGCCATATAGTATGTG-1,0,71,65,9278,15955
TGTTCCGGCCTGAGCT-1,0,70,66,9166,15757
TGCCGTGGGACCCAAT-1,1,71,67,9051,15953
TTGCAAGAAGACTCCT-1,0,70,68,8940,15755
CCGCTCCAGGGCGATC-1,0,71,69,8825,15951
CAAACCCTCCGGCGGG-1,1,70,70,8714,15753
CGGACCTTTACGTCCC-1,1,71,71,8599,15949
ACGTAGGAGAGTCGCT-1,1,70,72,8488,15752
CTGCGACCTCGCCGAA-1,1,71,73,8373,15947
GGCCCAGCTGGTTTGC-1,1,70,74,8262,15750
GGATTAATCATGGACC-1,1,71,75,8147,15945
GAGATGGCTTTAATCA-1,1,70,76,8035,15748
AGTACAGAAGCTTATA-1,1,71,77,7921,15943
GCGGCTTTAGCAAGTT-1,1,70,78,7809,15746
ACCGAGTCTCCTTATT-1,1,71,79,7694,15941
GACCACACTTCCCTTT-1,1,70,80,7583,15744
TGTAGCCAATTCCGTT-1,1,71,81,7468,15939
CTCGTCTGTGCCTTCG-1,1,70,82,7357,15742
GGACTCTTTGACTAAG-1,1,71,83,7242,15937
TCATCGACGACCGTCG-1,1,70,84,7131,15740
TACTACGTGCAATGCG-1,1,71,85,7016,15935
CCCTACTTGAACAATG-1,1,70,86,6905,15738
GCAGCTGTCAACGCAT-1,1,71,87,6790,15933
ATCTACCATCTGCTCC-1,1,70,88,6679,15736
TCTCAAATCAATCGGG-1,1,71,89,6564,15931
ACTCCGGCCGACCACT-1,1,70,90,6452,15734
TACACCTCTTCGAATC-1,1,71,91,6338,15930
GTGGCTGTTTCTGTTC-1,1,70,92,6226,15732
ACGACTCTAGGGCCGA-1,1,71,93,6111,15928
TCGTTTACGCGACCCT-1,1,70,94,6000,15730
AGGATATCCGACTGCA-1,0,71,95,5885,15926
GACACTTCCAATTACC-1,1,70,96,5774,15728
ACGGTACAGTTCAATG-1,1,71,97,5659,15924
CTTGATGACCATCCAG-1,1,70,98,5548,15726
CTGGTAAAGACTTACA-1,0,71,99,5433,15922
CTTGCCCACCCACGCA-1,0,70,100,5322,15724
CATTACGCAGGAAGGG-1,0,71,101,5207,15920
GGACAACCATGAAGCC-1,0,70,102,5095,15722
GTTATCAAGCTATCGA-1,0,71,103,4981,15918
AGGTGCACGTCCACAT-1,0,70,104,4869,15720
AAAGAATGTGGACTAA-1,0,71,105,4754,15916
ACCAAGTCATCGGCAG-1,0,70,106,4643,15718
AGTAACTATAGCAGCC-1,0,71,107,4528,15914
GGGAAAGAATGCCAAC-1,0,70,108,4417,15716
AATCGGTATAGCCCTC-1,0,71,109,4302,15912
GGCACTGCGGTGGTTT-1,0,70,110,4191,15714
CGTCCTCATCGCGTGC-1,0,71,111,4076,15910
CTTAACTTACAGTATA-1,0,70,112,3965,15712
GTGAGTCGACTAATAG-1,0,71,113,3850,15908
TGTACTTCCGGGCATG-1,0,70,114,3739,15710
CACAAACCGCAGAACT-1,0,71,115,3624,15906
GCTTTACACAACTGGG-1,0,70,116,3512,15708
CACCGATGATGGGTAC-1,0,71,117,3398,15904
TCAATATACAGGAGGC-1,0,70,118,3286,15706
AACGACCTCCTAGCCG-1,0,71,119,3171,15902
GTTACCAAGGCGTACG-1,0,70,120,3060,15704
TAGCTCACTGTGTTTG-1,0,71,121,2945,15900
TCGGCAGGGTTAAGGG-1,0,70,122,2834,15702
TGTTAACAAAGTGACT-1,0,71,123,2719,15898
CAGAGCGATGGATGCT-1,0,70,124,2608,15700
CATAGTGGGCACGCCT-1,0,71,125,2493,15896
AAACGCTGGGCACGAC-1,0,70,126,2382,15698
TGTTCTCATACTATAG-1,0,71,127,2267,15894
TCCGCTGGGTCGATCG-1,0,72,0,16626,16216
TTAGCATCCCTCACGT-1,0,73,1,16511,16412
AGCCTTGTCACTGATA-1,0,72,2,16400,16214
GTTTCTTGTTAGAGCT-1,0,73,3,16285,16410
TCGGAGTCCTGGTTGC-1,0,72,4,16174,16212
ACGGGTTGTGACCTGT-1,0,73,5,16059,16408
TGACAGAAATCTTGCT-1,0,72,6,15947,16210
TAGCCATGATTGCCTA-1,0,73,7,15833,16406
CGAAGCCACAGCATGG-1,0,72,8,15721,16208
ACCCGTAGCAGAGAAT-1,0,73,9,15606,16404
AGCTTGATCAGGGTAG-1,0,72,10,15495,16206
CTATAAGTAGGGTTTG-1,0,73,11,15380,16402
TATAGTTAGGTGTACT-1,0,72,12,15269,16204
TACGCTGATAGTTGTA-1,0,73,13,15154,16400
TTCTCAATTGCTACAA-1,0,72,14,15043,16202
GTTGCCCTAACGGGTG-1,0,73,15,14928,16398
GACATTTCGCCCAGCC-1,0,72,16,14817,16200
GTAACTACGTAGACCT-1,0,73,17,14702,16396
CCAGTGTACAGACCGA-1,0,72,18,14590,16198
GCCCGATGCCCAGTTC-1,0,73,19,14476,16394
CGAACCTCTTTCCTAG-1,0,72,20,14364,16196
CATGCACATGAGAGGC-1,0,73,21,14250,16392
CCAAATCAAAGGGCAA-1,0,72,22,14138,16194
GTAGTTTAAGCACACG-1,0,73,23,14023,16390
TAAGTGAATAGTCTAC-1,0,72,24,13912,16192
GGTCCACGTCTATTTG-1,0,73,25,13797,16388
CCCTCAGATCGAGAAC-1,0,72,26,13686,16190
ACATTCGCGCGGAATA-1,0,73,27,13571,16386
CTATGAACACCTTGCC-1,0,72,28,13460,16188
CGAATGGTAGGTCGTC-1,0,73,29,13345,16384
TCGACATAGCGTAGCG-1,0,72,30,13234,16186
GACGTTGCTCGGCGGC-1,0,73,31,13119,16382
CTCGAGGCAAGTTTCA-1,0,72,32,13007,16184
GCTGGGAGCGCGTCAA-1,0,73,33,12893,16380
GACGATATCACTGGGT-1,0,72,34,12781,16182
CAGCTCTGGGCTCACT-1,0,73,35,12666,16378
TAGTCTGCGGCACATT-1,0,72,36,12555,16181
TGGTCGATATACCTCT-1,0,73,37,12440,16376
TTCAGTTCAAGAGGAG-1,0,72,38,12329,16179
GTCTGTAGGTTGAACA-1,0,73,39,12214,16374
GAGAGTCTCGGGAGAG-1,0,72,40,12103,16177
TTGTTTGTATTACACG-1,0,73,41,11988,16372
GCACAGCACGGGCCGA-1,0,72,42,11877,16175
AAACAGTGTTCCTGGG-1,0,73,43,11762,16370
TGGAGAATAATCGTCC-1,0,72,44,11650,16173
CGCCGCGTTCTGAACG-1,0,73,45,11536,16368
CATGCGTTGAGAGGAG-1,0,72,46,11424,16171
TACGCTCCTAGAACTG-1,0,73,47,11310,16366
CCTTGTGAACGTGGTT-1,0,72,48,11198,16169
TTAAAGGCGATGCTCG-1,0,73,49,11083,16364
TAAAGTGCACGTCTCG-1,0,72,50,10972,16167
TGTCCGCAAACAATTC-1,0,73,51,10857,16362
AGGCCTATCATACCAA-1,0,72,52,10746,16165
ACTGGGATGCCAGTGC-1,0,73,53,10631,16361
CGATCCACCATTGTTG-1,0,72,54,10520,16163
GGGCATGCATGTCGAG-1,0,73,55,10405,16359
TCCAGGCAGGACGATC-1,0,72,56,10294,16161
CAATGACCCTTAATTT-1,0,73,57,10179,16357
ATCAAGATCCCAGGAC-1,0,72,58,10067,16159
CTCAGAGCTAATGTCG-1,0,73,59,9953,16355
CTGCGATTTCGAGATT-1,0,72,60,9841,16157
ATGGTATTGGGAACCG-1,0,73,61,9726,16353
TAGGTTCTGCTGAGAA-1,0,72,62,9615,16155
GCCTGTCCCGGTGCAT-1,0,73,63,9500,16351
GGCCTGCTCTGATGTT-1,0,72,64,9389,16153
TAGAGGGAGTTTATCT-1,0,73,65,9274,16349
CTCTACATCCTGCGTG-1,0,72,66,9163,16151
ACACATTTCCGTAGAC-1,0,73,67,9048,16347
TGGGTGTTAAGTAGAA-1,0,72,68,8937,16149
GAGCTCAACATGAGCG-1,0,73,69,8822,16345
GCACACAGCTATTACC-1,1,72,70,8710,16147
GCGACGGTAGTCTCCT-1,0,73,71,8596,16343
GTATCAAGGTACTTCC-1,1,72,72,8484,16145
GGAAAGGGAATTGAGC-1,1,73,73,8370,16341
TACACAGCCGTGGTGC-1,1,72,74,8258,16143
CGGTTGGGCAGGGTCC-1,1,73,75,8143,16339
GCACGCCGATTCCCGC-1,1,72,76,8032,16141
CGCTTTCCGCCAAGGT-1,1,73,77,7917,16337
TGCCCGATAGTTAGAA-1,1,72,78,7806,16139
TCAGAACGGCGGTAAT-1,1,73,79,7691,16335
CCACTCAGATCCGCAA-1,1,72,80,7580,16137
GAAGGGTCATTAAGAC-1,1,73,81,7465,16333
GCGGTCTTGCTTTCAC-1,1,72,82,7354,16135
GGAAGGACACCGTATA-1,1,73,83,7239,16331
CGCGGGAATTCCTTTC-1,1,72,84,7127,16133
TCTATCCGATTGCACA-1,0,73,85,7013,16329
TACTCGTTTGAATCAA-1,1,72,86,6901,16131
GTCTGCCGACTCGACG-1,0,73,87,6786,16327
TACGGGTAATAACATA-1,1,72,88,6675,16129
CCAGTTCGGTAACTCA-1,0,73,89,6560,16325
CGTGCACACCACTGTA-1,1,72,90,6449,16127
CTTCAGTTGGACAACG-1,0,73,91,6334,16323
TGATCTATCACACTCT-1,1,72,92,6223,16125
TAGCAGATACTTAGGG-1,0,73,93,6108,16321
CACCGGGCATCACAAG-1,0,72,94,5997,16123
AGTGGCCCGCAAATGG-1,0,73,95,5882,16319
CTCGCTAGGTAAGCGA-1,0,72,96,5770,16121
GATAGATAGTACAGTC-1,0,73,97,5656,16317
CGAGACTACTGCTGCT-1,0,72,98,5544,16119
ACATTTGAAACCTAAC-1,0,73,99,5430,16315
GACACAGCCGGGACTG-1,0,72,100,5318,16117
ACGGAACACGAGTGCC-1,0,73,101,5203,16313
ACGCCAGTGCGTTTGC-1,0,72,102,5092,16115
GCACCTAGGCGAGTCC-1,0,73,103,4977,16311
TCACTATCCCTTCGGT-1,0,72,104,4866,16113
TGAGTGTAACAACGGG-1,0,73,105,4751,16309
ATTGGTTGTGCATTAC-1,0,72,106,4640,16111
CTGGCGATTTACATGT-1,0,73,107,4525,16307
TCCACCAAGACATAGG-1,0,72,108,4414,16110
AACGTCGCTGCACTTC-1,0,73,109,4299,16305
GTCTCCCGAGTCCCGT-1,0,72,110,4187,16108
AGCCCGCACTACAATG-1,0,73,111,4073,16303
GGCACGCTGCTACAGT-1,0,72,112,3961,16106
GCTTGAGTGACCTCTG-1,0,73,113,3846,16301
ATAGCCATAACAGTCA-1,0,72,114,3735,16104
TAGGAGGCTCGAGAAC-1,0,73,115,3620,16299
GTCGGGTGAAGTACCG-1,0,72,116,3509,16102
CACCCGCGTTTGACAC-1,0,73,117,3394,16297
TCTCAGGCTACTCGCT-1,0,72,118,3283,16100
TAGATTCTCTAGCAAA-1,0,73,119,3168,16295
CCCATTATTGTATCCT-1,0,72,120,3057,16098
GTTAATAGCGTCATTA-1,0,73,121,2942,16293
TACTCATTGACGCATC-1,0,72,122,2830,16096
TAGTGACAAGCTCTAC-1,0,73,123,2716,16291
ATCGCCGTGGTTCATG-1,0,72,124,2604,16094
CTGCTCTCAACACACC-1,0,73,125,2490,16289
GCATGACACAAAGGAA-1,0,72,126,2378,16092
CAACGATCGATCCAAT-1,0,73,127,2263,16288
ATACAGCGTCCACTGA-1,0,74,0,16622,16610
TCACGATTAATACGTT-1,0,75,1,16508,16805
CGTGAACTGACCCGAT-1,0,74,2,16396,16608
TCGATGTTACGGCCGT-1,0,75,3,16282,16803
GACCGGTGATACTCTC-1,0,74,4,16170,16606
TCTGTTTAGATTGTTC-1,0,75,5,16055,16801
GCTACTCGGACGCAGA-1,0,74,6,15944,16604
AAGAAAGTTTGATGGG-1,0,75,7,15829,16799
CGCCAGTAGTACCTTG-1,0,74,8,15718,16602
CTCCCTTGTATCAAGG-1,0,75,9,15603,16797
ACTTTATACACCACTT-1,0,74,10,15492,16600
AGATCTGGAGAGGATA-1,0,75,11,15377,16795
TCATCCATCTGATCAC-1,0,74,12,15266,16598
AGAACACGGCGATGGT-1,0,75,13,15151,16793
CCGCTCCGGATAAGCT-1,0,74,14,15039,16596
TGGTCGGGTACAGGGC-1,0,75,15,14925,16791
ACGGACGCAGCGACAA-1,0,74,16,14813,16594
ACATGCTTACGGCAGC-1,0,75,17,14698,16790
CAGGGAGATAGGCCAG-1,0,74,18,14587,16592
TCGCCACCCGGATTAC-1,0,75,19,14472,16788
TCTTGGTCAATGATAC-1,0,74,20,14361,16590
CATAGGGACACTTGTG-1,0,75,21,14246,16786
CACGAGCAAACCAGAC-1,0,74,22,14135,16588
GGGATATTGATCGCCA-1,0,75,23,14020,16784
TAATGTCGGTTCATGG-1,0,74,24,13909,16586
CGATTTGTCATTAATG-1,0,75,25,13794,16782
TTAAGATACCCAGAGA-1,0,74,26,13682,16584
CGACCGTTGGTATTCG-1,0,75,27,13568,16780
ACTACCATCCGAGGGC-1,0,74,28,13456,16582
TCTACGCACGATCTCC-1,0,75,29,13341,16778
AAGCCACTTGCAGGTA-1,0,74,30,13230,16580
ACGTTGTCGTTGAAAG-1,0,75,31,13115,16776
ACCGCTAGTCATTGGT-1,0,74,32,13004,16578
CATGAGTCCATCACGG-1,0,75,33,12889,16774
ATGTCTTGTTTGACTC-1,0,74,34,12778,16576
TCCCAAACATCCTCTA-1,0,75,35,12663,16772
CAACGCGATGAGCCAA-1,0,74,36,12552,16574
GACACCCAAAGACGCG-1,0,75,37,12437,16770
ACGTTCACTATGCCGC-1,0,74,38,12326,16572
ATGGACTGCTTAGTTG-1,0,75,39,12211,16768
CCATGGCAAACGCTCA-1,0,74,40,12099,16570
TTGTCTCGGCAAGATG-1,0,75,41,11985,16766
TTCGAACGAAACATGC-1,0,74,42,11873,16568
GGAAAGTCTTGATTGT-1,0,75,43,11758,16764
ATCATAGATCGACGAG-1,0,74,44,11647,16566
GATTAGAAACAAGCGT-1,0,75,45,11532,16762
GCTGCGAAGAATTATT-1,0,74,46,11421,16564
TTCCAGTGGGTTTCGT-1,0,75,47,11306,16760
GCTCATTGATCATATC-1,0,74,48,11195,16562
ATACGAGGTTTGTAAG-1,0,75,49,11080,16758
GTCTATACACGCATGG-1,0,74,50,10969,16560
GATTTGCGCTAACACC-1,0,75,51,10854,16756
TGGTGCCCTGCCTTAC-1,0,74,52,10742,16558
TCGAATCGCAGGGTAG-1,0,75,53,10628,16754
GGTAGGCCAATATCAC-1,0,74,54,10516,16556
CGTAAATAACAAAGGG-1,0,75,55,10401,16752
GACTCTAGAGTTCCAA-1,0,74,56,10290,16554
ACTTGTTACCGGATCA-1,0,75,57,10175,16750
GGCATTGAACATCTCA-1,0,74,58,10064,16552
AACCCGCTGTATTCCA-1,0,75,59,9949,16748
TAACAGGTTCCCTTAG-1,0,74,60,9838,16550
GTTCTTGTAACTCAAT-1,0,75,61,9723,16746
GATTCTGTTAATGAGT-1,0,74,62,9612,16548
GGACACCTCGGTGTTG-1,0,75,63,9497,16744
CGATCGAGAAGCACCA-1,0,74,64,9386,16546
CTGCTCTGACGGCAAA-1,0,75,65,9271,16742
CCCAGGAAGAATTCGA-1,0,74,66,9159,16544
TGTCGTGGGTATAGGC-1,0,75,67,9045,16740
ATATGTCTAGAGCGTG-1,0,74,68,8933,16542
GCGGGCAGACGGGTGA-1,0,75,69,8818,16738
CGAAGATCAGTTTCAT-1,0,74,70,8707,16540
ACGCCACTCGAAACAG-1,0,75,71,8592,16736
CTTAGATGTTTCATCC-1,0,74,72,8481,16539
GCGAATGGACTAGCGA-1,0,75,73,8366,16734
TAAATTGTGGGTAAAG-1,0,74,74,8255,16537
ATTTATACTGGTAAAG-1,0,75,75,8140,16732
GCGTCGTAACATGGTC-1,1,74,76,8029,16535
CGGTATGGGCACTCTG-1,0,75,77,7914,16730
CTATCACAACGCTGGA-1,0,74,78,7802,16533
ACCACACGGTTGATGG-1,0,75,79,7688,16728
TCAGCGCACGCCGTTT-1,0,74,80,7576,16531
AATGTTAAGACCCTGA-1,0,75,81,7461,16726
CTTACATAGATTTCTT-1,0,74,82,7350,16529
AACATAGCGTGTATCG-1,0,75,83,7235,16724
AGCAGTCGAAGCATGC-1,0,74,84,7124,16527
GTACTACGGCCTCGTT-1,0,75,85,7009,16722
TTGGCCAAATTGTATC-1,0,74,86,6898,16525
TCAGAGGACGCGTTAG-1,0,75,87,6783,16720
AGTAATCTAAGGGTGG-1,0,74,88,6672,16523
AATTATACCCAGCAAG-1,0,75,89,6557,16719
CCCTACCCACACCCAG-1,0,74,90,6445,16521
CTCTGTCCATGCACCA-1,0,75,91,6331,16717
TCGCCTCCTTCGGCTC-1,0,74,92,6219,16519
CCTGATTCGCGAAGAA-1,0,75,93,6105,16715
GACTTCAACGCATCAA-1,0,74,94,5993,16517
GCTTCCCGTAAGCTCC-1,0,75,95,5878,16713
AGAACTGTACTTTGTA-1,0,74,96,5767,16515
CCTTAAGTACGCAATT-1,0,75,97,5652,16711
GGCCAATTGTATAGAC-1,0,74,98,5541,16513
AGAATACAGGCTATCC-1,0,75,99,5426,16709
AATACCTGATGTGAAC-1,0,74,100,5315,16511
TAGAGTGTTCCGGGTA-1,0,75,101,5200,16707
GCTTCCATGTAACCGC-1,0,74,102,5089,16509
GGTTCGCATTTGCCGT-1,0,75,103,4974,16705
TCAATCCGGGAAGTTT-1,0,74,104,4862,16507
CCGGAAGTGCAATATG-1,0,75,105,4748,16703
CTCATAAATGTGTATA-1,0,74,106,4636,16505
GACGGGCATCGAATTT-1,0,75,107,4521,16701
GCTAAGCCCAGTATGC-1,0,74,108,4410,16503
GCTATAAGGGCCAGGA-1,0,75,109,4295,16699
GCGGATTACTTGTTCT-1,0,74,110,4184,16501
TACAACAGCGCATACA-1,0,75,111,4069,16697
TCTAACCTAGCCTGCG-1,0,74,112,3958,16499
TCTACCCGCATCATTT-1,0,75,113,3843,16695
GTCTTACCACGCCAAG-1,0,74,114,3732,16497
AATAACGTCGCGCCCA-1,0,75,115,3617,16693
CGTTTCGGTTATATGC-1,0,74,116,3505,16495
TACGCTGCACGGTCGT-1,0,75,117,3391,16691
CGTTAAATACGACCAG-1,0,74,118,3279,16493
TCGACTGACGATGGCT-1,0,75,119,3165,16689
ACGCTACTGAATGGGC-1,0,74,120,3053,16491
AAGGGTTAGCCATGCG-1,0,75,121,2938,16687
ACGTTTCGGTGCACTT-1,0,74,122,2827,16489
TTAACCCGAGGCGTGT-1,0,75,123,2712,16685
GCCCGTCAAGCCCAAT-1,0,74,124,2601,16487
ATTCGTCCCGAGGTTA-1,0,75,125,2486,16683
TCAAATTATGTTCGAC-1,0,74,126,2375,16485
AACGTTCTACCATTGT-1,0,75,127,2260,16681
CTGTCCTGCGCACTAC-1,0,76,0,16619,17003
GCCCAGCGACACAAAG-1,0,77,1,16504,17199
TATAGCTATTATCTCT-1,0,76,2,16393,17001
AAGCTATGGATTGACC-1,0,77,3,16278,17197
CCGAAACACGACCTCT-1,0,76,4,16167,16999
ATCAGAAGCTGGTTGC-1,0,77,5,16052,17195
TGAACCTGAATGTGAG-1,0,76,6,15941,16997
TCAGAGCATGTCAACG-1,0,77,7,15826,17193
ATACCCTCCCGGCCAA-1,0,76,8,15714,16995
GCCACCTTATTCGCGA-1,0,77,9,15600,17191
CAACGAGCTTATTATG-1,0,76,10,15488,16993
GATCCAACCTTTAAAC-1,0,77,11,15373,17189
TTGTGGAGACAGCCGG-1,0,76,12,15262,16991
AGATAATCACACCTAT-1,0,77,13,15147,17187
GGTTAGGGATGCTAAT-1,0,76,14,15036,16989
TCATGAAGCGCTGCAT-1,0,77,15,14921,17185
CCAGGCGAGATGGTCT-1,0,76,16,14810,16987
CGACTTGCCGGGAAAT-1,0,77,17,14695,17183
GTGCCAAACGTTTCGA-1,0,76,18,14584,16985
TGCTCAAAGGATGCAC-1,0,77,19,14469,17181
GCCTCAGGTACCGGTC-1,0,76,20,14357,16983
ACAAGTAATTGTAAGG-1,0,77,21,14243,17179
TTAGAGTATTGTCGAG-1,0,76,22,14131,16981
GTCATCCCAAACTCAC-1,0,77,23,14017,17177
CTCCTAGTAATCGTGA-1,0,76,24,13905,16979
CCCTCATCACAGAGTA-1,0,77,25,13790,17175
GGAAACAGAGCTTGGG-1,0,76,26,13679,16977
ACATCGCAATATTCGG-1,0,77,27,13564,17173
TTAGCCATAGGGCTCG-1,0,76,28,13453,16975
CGGATTCTGCCTTATG-1,0,77,29,13338,17171
TTGTTGGCAATGACTG-1,0,76,30,13227,16973
GGATCTACCGTTCGTC-1,0,77,31,13112,17169
GGTGGGATTAGGTCCC-1,0,76,32,13001,16971
AATAGGCACGACCCTT-1,0,77,33,12886,17167
GAGGTCCGTTCGCTGT-1,0,76,34,12774,16970
TGACAACTTAAAGGTG-1,0,77,35,12660,17165
AGCTAAGCTCCGTCCG-1,0,76,36,12548,16968
CTAGCCCGGGAGACGA-1,0,77,37,12433,17163
CCCAGATTCCCGTGAC-1,0,76,38,12322,16966
GCCCGTTCACACAATT-1,0,77,39,12207,17161
ACAAACTCCATCAGAG-1,0,76,40,12096,16964
GGTTCCGTACGACTAA-1,0,77,41,11981,17159
TTGCGGAAAGCTGCCC-1,0,76,42,11870,16962
GGAACTCGTGAATACG-1,0,77,43,11755,17157
GGTTACCGCTCCCTAC-1,0,76,44,11644,16960
AGCGACTTTGAAGACA-1,0,77,45,11529,17155
CCGTTTCCTTTCCGTG-1,0,76,46,11417,16958
TGGATGGCATCTTGGA-1,0,77,47,11303,17153
CAAGTCGTTGAAATCT-1,0,76,48,11191,16956
TGCAAACGTACTAGTT-1,0,77,49,11077,17151
GGCTGTCCTACTGCGG-1,0,76,50,10965,16954
TACTGCATGATTAAAT-1,0,77,51,10850,17149
CGGACCTCTGTAGTTA-1,0,76,52,10739,16952
CCCTAGCTCTAAGGTC-1,0,77,53,10624,17148
GTAACAGGTTAACGGC-1,0,76,54,10513,16950
CCCGCAAATAATCATC-1,0,77,55,10398,17146
AATCCCGCTCAGAGCC-1,0,76,56,10287,16948
AACGTCATCCGGCTTG-1,0,77,57,10172,17144
CTCGTGGCACTGAAAG-1,0,76,58,10061,16946
CTTTATCCGACGCATG-1,0,77,59,9946,17142
AAATGACTGATCAAAC-1,0,76,60,9834,16944
TTCGTGCATGTTATAG-1,0,77,61,9720,17140
ATCAAAGAGCCGTGGT-1,0,76,62,9608,16942
ATGTCATAATAAACGA-1,0,77,63,9493,17138
CTTAATCGACTTAGTA-1,0,76,64,9382,16940
CTAAAGGATGAGATAC-1,0,77,65,9267,17136
GTGCTATCCAGCTGGA-1,0,76,66,9156,16938
GACAGAGGTCTTCAGT-1,0,77,67,9041,17134
TCGATTTACGAAACGA-1,0,76,68,8930,16936
AGGCTTAAGTTGCACA-1,0,77,69,8815,17132
TAGGATCTTAACCGCA-1,0,76,70,8704,16934
GACTTTCGAGCGGTTC-1,0,77,71,8589,17130
CCCTGGGAGGGATCCT-1,0,76,72,8477,16932
TAGTAGTTGCCGGACA-1,0,77,73,8363,17128
GCCCTAAGTGCAGGAT-1,0,76,74,8251,16930
ACTTGGGCTTTCGCCA-1,0,77,75,8137,17126
CATGATACGGTGAAAC-1,0,76,76,8025,16928
TCCTGCAGCCGCCAAT-1,0,77,77,7910,17124
GTCCGTTAGAGGGCCT-1,0,76,78,7799,16926
GCTTTATTAAGTTACC-1,0,77,79,7684,17122
AATCGAGGTCTCAAGG-1,0,76,80,7573,16924
GTGCTGTTAGAACATA-1,0,77,81,7458,17120
GGCTTCTCGTGGGTGG-1,0,76,82,7347,16922
CCTACAGTTGAGGGAG-1,0,77,83,7232,17118
TATCCCTCGATCTGCA-1,0,76,84,7121,16920
CCGGTATCTGGCGACT-1,0,77,85,7006,17116
CTCTAACACCGGCAGC-1,0,76,86,6894,16918
CTTCATCACCAGGGCT-1,0,77,87,6780,17114
GGCTGGCAATCCCACG-1,0,76,88,6668,16916
CAAACCATAAGCGTAT-1,0,77,89,6553,17112
CATGTGGGCTCATCAC-1,0,76,90,6442,16914
CCCGTGACAGTGCCTT-1,0,77,91,6327,17110
GATTATCTTGCATTAT-1,0,76,92,6216,16912
GAGTCCACCAGGTTTA-1,0,77,93,6101,17108
TGTACTATCGCTCGTT-1,0,76,94,5990,16910
TTAGCGAATAGATAGG-1,0,77,95,5875,17106
ACATACAATCAAGCGG-1,0,76,96,5764,16908
ATTCGTGTACCCATTC-1,0,77,97,5649,17104
GCTAGCAACGCACCTA-1,0,76,98,5537,16906
ACCTCAGCGAGGCGCA-1,0,77,99,5423,17102
TCCGGGCCACTAACGG-1,0,76,100,5311,16904
TCCCAATATCGACGAC-1,0,77,101,5196,17100
GGATTGAAGTAGCCTC-1,0,76,102,5085,16902
GGCGCACAGTTTACCT-1,0,77,103,4970,17098
CCCGGCACGTGTCAGG-1,0,76,104,4859,16900
AGTAAGGGACAGAATC-1,0,77,105,4744,17096
TTGCGCACAACCACGT-1,0,76,106,4633,16899
CCTGCTACAACCATAC-1,0,77,107,4518,17094
CTGGGCTACTGGAGAG-1,0,76,108,4407,16897
AGCTACGAATGGTGGT-1,0,77,109,4292,17092
ATTCGTTTATCGTATT-1,0,76,110,4181,16895
GGCATTCCCTCCCTCG-1,0,77,111,4066,17090
AGTTATTCAGACTGTG-1,0,76,112,3954,16893
CCACTTTCCTTCTAGG-1,0,77,113,3840,17088
CGCAGTTCTATCTTTC-1,0,76,114,3728,16891
AGGAGCGTTTATTATC-1,0,77,115,3613,17086
GACAGGTAATCCGTGT-1,0,76,116,3502,16889
TTCCCAAAGTACTGAT-1,0,77,117,3387,17084
CTGCAGGGTGACGCTC-1,0,76,118,3276,16887
TCATGGAGGCCTTTGT-1,0,77,119,3161,17082
ATGGCCCGAAAGGTTA-1,0,76,120,3050,16885
CGTAATATGGCCCTTG-1,0,77,121,2935,17080
AGAGTCTTAATGAAAG-1,0,76,122,2824,16883
GAACGTTTGTATCCAC-1,0,77,123,2709,17078
ATTGAATTCCCTGTAG-1,0,76,124,2597,16881
TACCTCACCAATTGTA-1,0,77,125,2483,17077
AGTCGAATTAGCGTAA-1,0,76,126,2371,16879
TTGAAGTGCATCTACA-1,0,77,127,2256,17075
